salesman_id,contact_name,country,city,region,subregion
3001,Nathan Bell,Ireland,Dublin,EMEA,UKIR
3002,Deirdre Bailey,United States,New York City,AMER,NAMER
3003,Zoe Hodges,Germany,Stuttgart,EMEA,EU-WEST
3004,Thomas Hodges,United States,New York City,AMER,NAMER
3005,Adrian Hunter,Sweden,Stockholm,EMEA,NOR
3006,Adrian Abraham,Canada,Toronto,AMER,NAMER
3007,Emily Morrison,Japan,Saitama,APJ,JAPN
3008,Claire Welch,Italy,Naples,EMEA,EU
3009,Carol Campbell,Turkey,Ankara,EMEA,MEA
3010,Blake Hughes,United States,Los Angeles,AMER,NAMER
3011,Melanie Sharp,Costa Rica,San José,AMER,LATAM
3012,Luke Bower,France,Paris,EMEA,EU-WEST
3013,Jonathan Ferguson,Turkey,Istanbul,EMEA,MEA
3014,Sam Parsons,United States,New York City,AMER,NAMER
3015,Neil Gill,France,Paris,EMEA,EU-WEST
3016,Amelia Campbell,Japan,Tokyo,APJ,JAPN
3017,Chloe Short,Japan,Aichi,APJ,JAPN
3018,Jasmine Metcalfe,Japan,Tokyo,APJ,JAPN
3019,Karen Mathis,Australia,Wollongong,APJ,ANZ
3020,Dylan Dickens,United States,New York City,AMER,NAMER
3021,Sophie Lewis,Germany,Hanover,EMEA,EU-WEST
3022,Gavin Mitchell,Luxembourg,Luxembourg,EMEA,EU-WEST
3023,Katherine Dowd,Brazil,Salvador,AMER,LATAM
3024,Harry Brown,Philippines,Davao City,APJ,APAC
3025,Brian Dickens,India,Kolkata,APJ,IND
3026,Joseph Newman,United Kingdom,London,EMEA,UKIR
3027,Nicola Howard,United Kingdom,Brighton,EMEA,UKIR
3028,Stewart Wilson,United States,New York City,AMER,NAMER
3029,Eric McLean,Australia,Sydney,APJ,ANZ
3030,Leah Clarkson,Chile,Puente Alto,AMER,LATAM
3031,Alison Davidson,Spain,Madrid,EMEA,EU-WEST
3032,Sophie Vance,United Kingdom,London,EMEA,UKIR
3033,Anne Lee,South Africa,Cape Town,EMEA,MEA
3034,Maria Dyer,Japan,Tokyo,APJ,JAPN
3035,Julia Ellison,Portugal,Lisboa,EMEA,EU-WEST
3036,Gordon McLean,United States,Los Angeles,AMER,NAMER
3037,Jessica Buckland,Sweden,Uppsala,EMEA,NOR
3038,Bernadette Nolan,Australia,Sydney,APJ,ANZ
3039,Sonia Ince,Luxembourg,Luxembourg,EMEA,EU-WEST
3040,William Lewis,Japan,Tokyo,APJ,JAPN
3041,Melanie Young,United States,New York City,AMER,NAMER
3042,Edward Oliver,Luxembourg,Luxembourg,EMEA,EU-WEST
3043,Peter Quinn,Belgium,Brussels,EMEA,EU-WEST
3044,Max Marshall,United Kingdom,London,EMEA,UKIR
3045,Jan Watson,United States,Los Angeles,AMER,NAMER
3046,Carol Ball,Luxembourg,Luxembourg,EMEA,EU-WEST
3047,Gavin Walsh,Australia,Sydney,APJ,ANZ
3048,Penelope Peake,Luxembourg,Luxembourg,EMEA,EU-WEST
3049,Amy Scott,Russia,Moscow,EMEA,EU-EAST
3050,Carl Jackson,Sweden,Stockholm,EMEA,NOR
3051,Joe Wallace,Australia,Canberra,APJ,ANZ
3052,Luke Mills,United Kingdom,London,EMEA,UKIR
3053,Alexandra Dyer,Netherlands,The Hague,EMEA,EU-WEST
3054,Rebecca Dickens,Mexico,Mexico City,AMER,LATAM
3055,Audrey Hardacre,Canada,Toronto,AMER,NAMER
3056,Jennifer Dowd,South Africa,Cape Town,EMEA,MEA
3057,Natalie Sanderson,Philippines,Manila,APJ,APAC
3058,Samantha Rampling,Japan,Tokyo,APJ,JAPN
3059,Sally Berry,Australia,Geelong,APJ,ANZ
3060,Anthony Clark,Chile,Santiago,AMER,LATAM
3061,Victor Short,United States,New York City,AMER,NAMER
3062,Austin Newman,Mexico,Mexico City,AMER,LATAM
3063,Rose Scott,United States,Aurora,AMER,NAMER
3064,Tim Morrison,France,Paris,EMEA,EU-WEST
3065,Harry Murray,United States,Los Angeles,AMER,NAMER
3066,Dylan Dowd,Poland,Warsaw,EMEA,EU-WEST
3067,Angela Parsons,United States,Newark,AMER,NAMER
3068,Lisa Oliver,Mexico,Monterrey,AMER,LATAM
3069,Joseph Duncan,Italy,Rome,EMEA,EU
3070,Paul MacDonald,Chile,Puente Alto,AMER,LATAM
3071,Gordon Graham,United States,Chicago,AMER,NAMER
3072,Sean Bower,Canada,Toronto,AMER,NAMER
3073,Anthony Sanderson,Canada,Toronto,AMER,NAMER
3074,Stewart Marshall,Singapore,Singapore,APJ,APAC
3075,Joanne Carr,United States,New York City,AMER,NAMER
3076,Angela Davies,France,Paris,EMEA,EU-WEST
3077,William Alsop,New Zealand,Wellington,APJ,ANZ
3078,Owen Watson,Canada,Toronto,AMER,NAMER
3079,Melanie Davidson,Japan,Osaka,APJ,JAPN
3080,Warren Forsyth,United States,New York City,AMER,NAMER
3081,Gabrielle Ogden,Australia,Sydney,APJ,ANZ
3082,Justin Randall,Japan,Tokyo,APJ,JAPN
3083,Jack Graham,United Kingdom,London,EMEA,UKIR
3084,Sophie Henderson,Australia,Melbourne,APJ,ANZ
3085,Brian Short,Czech Republic,Prague,EMEA,EU-EAST
3086,Samantha Lawrence,Saudi Arabia,Riyadh,EMEA,MEA
3087,Una Hudson,United States,Raleigh,AMER,NAMER
3088,Kimberly North,Japan,Tokyo,APJ,JAPN
3089,Dylan Ogden,United Kingdom,London,EMEA,UKIR
3090,Jonathan Clark,United States,Providence,AMER,NAMER
3091,Kevin Vaughan,Mexico,Mexico City,AMER,LATAM
3092,Madeleine Smith,Argentina,Córdoba,AMER,LATAM
3093,Diana Ince,France,Paris,EMEA,EU-WEST
3094,Tracey Knox,Mexico,Guadalajara,AMER,LATAM
3095,Michelle McLean,Russia,Moscow,EMEA,EU-EAST
3096,Diana Bell,Japan,Aichi,APJ,JAPN
3097,Jan Clark,South Africa,Cape Town,EMEA,MEA
3098,Pippa Smith,United States,Oklahoma City,AMER,NAMER
3099,Rebecca Wilson,Brazil,Rio de Janeiro,AMER,LATAM
3100,Irene Smith,Japan,Aichi,APJ,JAPN
3101,Evan Terry,Mexico,Mexico City,AMER,LATAM
3102,Bella Mackenzie,United States,New York City,AMER,NAMER
3103,Gordon Jackson,Mexico,Puerto Vallarta,AMER,LATAM
3104,Joe Ross,Brazil,São Paulo,AMER,LATAM
3105,Carolyn Murray,South Africa,Johannesburg,EMEA,MEA
3106,Lily Paterson,Sweden,Stockholm,EMEA,NOR
3107,William Skinner,United States,Rochester,AMER,NAMER
3108,Trevor Langdon,Australia,Sydney,APJ,ANZ
3109,Luke Terry,Luxembourg,Luxembourg,EMEA,EU-WEST
3110,Vanessa Davidson,United States,Los Angeles,AMER,NAMER
3111,Penelope Nash,United States,Seattle,AMER,NAMER
3112,Molly Rees,United Kingdom,London,EMEA,UKIR
3113,Carol James,Australia,Sydney,APJ,ANZ
3114,Sally Davidson,United Kingdom,London,EMEA,UKIR
3115,Simon Peters,Japan,Tokyo,APJ,JAPN
3116,Charles Hart,Japan,Tokyo,APJ,JAPN
3117,Lucas Mathis,Australia,Sydney,APJ,ANZ
3118,Joanne Robertson,United States,Detroit,AMER,NAMER
3119,Felicity King,Sweden,Stockholm,EMEA,NOR
3120,Thomas Peters,Mexico,Guadalajara,AMER,LATAM
3121,Zoe Avery,United States,Los Angeles,AMER,NAMER
3122,Luke Jones,United States,Lafayette,AMER,NAMER
3123,Isaac Hart,France,Paris,EMEA,EU-WEST
3124,Nicola Pullman,United States,New York City,AMER,NAMER
3125,Faith Harris,Germany,Munich,EMEA,EU-WEST
3126,Thomas Roberts,Mexico,Mexico City,AMER,LATAM
3127,Lillian Hodges,Russia,St Petersburg,EMEA,EU-EAST
3128,Joseph Forsyth,United Kingdom,London,EMEA,UKIR
3129,Anne Rutherford,Argentina,Buenos Aires,AMER,LATAM
3130,Harry Mills,Spain,Madrid,EMEA,EU-WEST
3131,Trevor Clark,Russia,St Petersburg,EMEA,EU-EAST
3132,Dylan Terry,Argentina,Mendoza,AMER,LATAM
3133,Jasmine MacDonald,Germany,Leipzig,EMEA,EU-WEST
3134,Blake Campbell,France,Paris,EMEA,EU-WEST
3135,Boris Underwood,United Kingdom,London,EMEA,UKIR
3136,Fiona Peters,United States,Jacksonville,AMER,NAMER
3137,Phil Short,United States,Long Beach,AMER,NAMER
3138,Fiona Allan,South Africa,Johannesburg,EMEA,MEA
3139,Peter McLean,France,Paris,EMEA,EU-WEST
3140,Kevin Morrison,France,Paris,EMEA,EU-WEST
3141,Andrew Wilkins,United States,New York City,AMER,NAMER
3142,Matt Forsyth,United States,Los Angeles,AMER,NAMER
3143,Amelia Martin,United States,Los Angeles,AMER,NAMER
3144,Sally Wallace,South Korea,Incheon,APJ,APAC
3145,Anna Bower,United Kingdom,London,EMEA,UKIR
3146,Pippa Morrison,United Kingdom,London,EMEA,UKIR
3147,Gordon Chapman,Finland,Helsinki,EMEA,NOR
3148,Wanda Simpson,United Kingdom,London,EMEA,UKIR
3149,Christian Gill,United States,Los Angeles,AMER,NAMER
3150,Julian Nash,Saudi Arabia,Dhahran,EMEA,MEA
3151,Anna Hemmings,Japan,Chiba,APJ,JAPN
3152,Sue Anderson,Chile,Santiago,AMER,LATAM
3153,Boris Coleman,Australia,Wollongong,APJ,ANZ
3154,Fiona Nolan,South Korea,Seoul,APJ,APAC
3155,Faith Jones,Japan,Tokyo,APJ,JAPN
3156,Grace Duncan,United States,Los Angeles,AMER,NAMER
3157,Richard Davidson,Brazil,Salvador,AMER,LATAM
3158,Colin Glover,Germany,Dresden,EMEA,EU-WEST
3159,Phil Dowd,France,Paris,EMEA,EU-WEST
3160,Rachel Cornish,Mexico,Guadalajara,AMER,LATAM
3161,Molly Vance,United Kingdom,London,EMEA,UKIR
3162,Alan Graham,Canada,Vancouver,AMER,NAMER
3163,Dominic Bell,Australia,Adelaide,APJ,ANZ
3164,Abigail Langdon,Israel,Tel Aviv,EMEA,EU-EAST
3165,Edward Wilkins,Norway,Hordaland,EMEA,NOR
3166,Richard Lyman,Japan,Tokyo,APJ,JAPN
3167,Lily Bond,Germany,Hamburg,EMEA,EU-WEST
3168,Joe Hughes,United Kingdom,London,EMEA,UKIR
3169,Kimberly Newman,United States,Los Angeles,AMER,NAMER
3170,Felicity Henderson,Canada,Toronto,AMER,NAMER
3171,Blake Fraser,United States,Henderson,AMER,NAMER
3172,Lily North,United States,New York City,AMER,NAMER
3173,Irene Duncan,South Korea,Seoul,APJ,APAC
3174,Sean Rees,Ukraine,Kyiv,EMEA,EU-EAST
3175,Victoria Nash,United Kingdom,Leicester,EMEA,UKIR
3176,Sebastian Brown,Japan,Osaka,APJ,JAPN
3177,Gordon Greene,Sweden,Malmö,EMEA,NOR
3178,Ryan Oliver,Germany,Berlin,EMEA,EU-WEST
3179,Liam Abraham,Australia,Sydney,APJ,ANZ
3180,Chloe Underwood,Japan,Tokyo,APJ,JAPN
3181,Owen Ferguson,India,Mumbai,APJ,IND
3182,Cameron MacLeod,United Kingdom,Cardiff,EMEA,UKIR
3183,Hannah Sanderson,Mexico,Guadalajara,AMER,LATAM
3184,Deirdre McDonald,United States,Columbus,AMER,NAMER
3185,Diane Metcalfe,Chile,Santiago,AMER,LATAM
3186,Dylan Mills,Australia,Melbourne,APJ,ANZ
3187,Diane Mills,United Kingdom,Birmingham,EMEA,UKIR
3188,Oliver Bond,United States,Los Angeles,AMER,NAMER
3189,Stewart Hart,United Kingdom,Brighton,EMEA,UKIR
3190,Alexander James,United Kingdom,London,EMEA,UKIR
3191,Warren Hemmings,United States,Seattle,AMER,NAMER
3192,Maria Bell,United Kingdom,London,EMEA,UKIR
3193,Alison Fisher,United States,New York City,AMER,NAMER
3194,Jack Hodges,Australia,Sydney,APJ,ANZ
3195,Una Knox,Japan,Kanagawa,APJ,JAPN
3196,Adam James,United Kingdom,Liverpool,EMEA,UKIR
3197,Connor Watson,Canada,Toronto,AMER,NAMER
3198,Samantha Murray,South Africa,Cape Town,EMEA,MEA
3199,Carol Forsyth,United Arab Emirates,Abu Dhabi,EMEA,MEA
3200,Sam Alsop,Russia,Yekaterinburg,EMEA,EU-EAST
3201,Eric Forsyth,Finland,Helsinki,EMEA,NOR
3202,Dominic Duncan,Poland,Krakow,EMEA,EU-WEST
3203,Robert Dyer,United States,New York City,AMER,NAMER
3204,Karen Taylor,Japan,Tokyo,APJ,JAPN
3205,Molly Rutherford,Brazil,São Paulo,AMER,LATAM
3206,Alan White,South Korea,Seoul,APJ,APAC
3207,Gavin Walker,Germany,Frankfurt,EMEA,EU-WEST
3208,Joseph Tucker,France,Paris,EMEA,EU-WEST
3209,James Butler,United States,New York City,AMER,NAMER
3210,William Lawrence,United States,New York City,AMER,NAMER
3211,Irene Wright,Portugal,Porto,EMEA,EU-WEST
3212,Irene Clark,Chile,Antofagasta,AMER,LATAM
3213,Sean Scott,Australia,Sydney,APJ,ANZ
3214,Emma Young,Ireland,Dublin,EMEA,UKIR
3215,Wanda Gill,Italy,Genoa,EMEA,EU
3216,Sebastian Sharp,Mexico,Toluca,AMER,LATAM
3217,Virginia Carr,United Kingdom,London,EMEA,UKIR
3218,Zoe Ferguson,United States,Los Angeles,AMER,NAMER
3219,Michelle Langdon,Japan,Tokyo,APJ,JAPN
3220,James Harris,Sweden,Stockholm,EMEA,NOR
3221,Jonathan Thomson,United States,New York City,AMER,NAMER
3222,Victoria Roberts,United States,Los Angeles,AMER,NAMER
3223,Justin Anderson,Germany,Cologne,EMEA,EU-WEST
3224,Caroline Burgess,Canada,Toronto,AMER,NAMER
3225,Liam Paige,United States,New York City,AMER,NAMER
3226,Dominic Hill,Canada,Toronto,AMER,NAMER
3227,Justin Pullman,United Kingdom,London,EMEA,UKIR
3228,Joseph Cameron,Canada,Hamilton,AMER,NAMER
3229,Natalie Nash,United States,Jacksonville,AMER,NAMER
3230,Colin Morgan,Australia,Sydney,APJ,ANZ
3231,Jasmine MacLeod,United States,New York City,AMER,NAMER
3232,Charles Lee,Russia,Moscow,EMEA,EU-EAST
3233,Leonard Nash,Ireland,Dublin,EMEA,UKIR
3234,Pippa Brown,Belgium,Brussels,EMEA,EU-WEST
3235,Pippa Ross,Japan,Kanagawa,APJ,JAPN
3236,Matt Kelly,United States,Seattle,AMER,NAMER
3237,Michelle Thomson,France,Paris,EMEA,EU-WEST
3238,Evan Ince,France,Paris,EMEA,EU-WEST
3239,Diane Buckland,Germany,Cologne,EMEA,EU-WEST
3240,Jane Pullman,France,Paris,EMEA,EU-WEST
3241,Jessica Langdon,Japan,Aichi,APJ,JAPN
3242,Ella Lawrence,France,Paris,EMEA,EU-WEST
3243,Carolyn Ross,Mexico,Guadalajara,AMER,LATAM
3244,Ella Simpson,United Kingdom,London,EMEA,UKIR
3245,Ian Ross,Australia,Sydney,APJ,ANZ
3246,Vanessa White,Brazil,São Paulo,AMER,LATAM
3247,Joshua Lyman,United Kingdom,London,EMEA,UKIR
3248,Grace Hodges,Canada,Toronto,AMER,NAMER
3249,Elizabeth Hughes,Russia,Moscow,EMEA,EU-EAST
3250,Fiona Piper,Finland,Tampere,EMEA,NOR
3251,Alan Hudson,Russia,Moscow,EMEA,EU-EAST
3252,Faith Blake,Luxembourg,Luxembourg,EMEA,EU-WEST
3253,Gordon Parr,United States,Yonkers,AMER,NAMER
3254,Emily Ball,Brazil,Manaus,AMER,LATAM
3255,Michael Morgan,India,Mumbai,APJ,IND
3256,Peter Hart,Canada,Ottawa,AMER,NAMER
3257,Andrew Lee,United Kingdom,London,EMEA,UKIR
3258,Ruth McGrath,Mexico,Mexico City,AMER,LATAM
3259,Kevin Rampling,Australia,Melbourne,APJ,ANZ
3260,Dan Tucker,United Kingdom,London,EMEA,UKIR
3261,Stephanie Abraham,Japan,Aichi,APJ,JAPN
3262,Simon Payne,Mexico,Tijuana,AMER,LATAM
3263,Bella Powell,India,Mumbai,APJ,IND
3264,Liam Clarkson,Japan,Hyogo,APJ,JAPN
3265,Deirdre Sharp,United Kingdom,London,EMEA,UKIR
3266,Emily Fisher,Sweden,Gothenburg,EMEA,NOR
3267,Joan Dickens,Ukraine,Kyiv,EMEA,EU-EAST
3268,Kimberly Oliver,United Kingdom,London,EMEA,UKIR
3269,Pippa Blake,Spain,Madrid,EMEA,EU-WEST
3270,Ella Henderson,United States,New York City,AMER,NAMER
3271,Stewart May,France,Lyon,EMEA,EU-WEST
3272,Lucas Turner,United States,Jacksonville,AMER,NAMER
3273,Lucas Kerr,Sweden,Gothenburg,EMEA,NOR
3274,Kevin Welch,United Kingdom,London,EMEA,UKIR
3275,David Lee,United Kingdom,London,EMEA,UKIR
3276,Stephen Dyer,Germany,Leipzig,EMEA,EU-WEST
3277,Claire Carr,United Kingdom,Edinburgh,EMEA,UKIR
3278,Irene Walsh,Philippines,Davao City,APJ,APAC
3279,Adrian Poole,Turkey,Istanbul,EMEA,MEA
3280,Amy Simpson,United States,New York City,AMER,NAMER
3281,Trevor Jones,France,Paris,EMEA,EU-WEST
3282,Kevin Mitchell,Germany,Hanover,EMEA,EU-WEST
3283,Austin Stewart,Japan,Chiba,APJ,JAPN
3284,Benjamin Fisher,United Kingdom,Leeds,EMEA,UKIR
3285,Sam Carr,Canada,Toronto,AMER,NAMER
3286,Liam Churchill,Australia,Wollongong,APJ,ANZ
3287,Victoria Poole,Japan,Aichi,APJ,JAPN
3288,Cameron Bower,Australia,Brisbane,APJ,ANZ
3289,Michael King,Brazil,Belo Horizonte,AMER,LATAM
3290,Amy Paterson,United States,Los Angeles,AMER,NAMER
3291,Andrew Reid,Luxembourg,Luxembourg,EMEA,EU-WEST
3292,Christopher James,United Kingdom,London,EMEA,UKIR
3293,Colin Bell,Italy,Genoa,EMEA,EU
3294,Nathan Young,Mexico,Mexico City,AMER,LATAM
3295,Anthony Mackay,Czech Republic,Ostrava,EMEA,EU-EAST
3296,Carolyn Dowd,Germany,Leipzig,EMEA,EU-WEST
3297,Sam Rampling,Netherlands,Amsterdam,EMEA,EU-WEST
3298,Deirdre James,Mexico,Guadalajara,AMER,LATAM
3299,Isaac Robertson,Mexico,Mexico City,AMER,LATAM
3300,Ava Ellison,United States,Roswell,AMER,NAMER
3301,Joanne Walsh,Sweden,Stockholm,EMEA,NOR
3302,Audrey Wilkins,United States,Los Angeles,AMER,NAMER
3303,Sean Taylor,Luxembourg,Luxembourg,EMEA,EU-WEST
3304,Lillian Duncan,United States,Baltimore,AMER,NAMER
3305,Harry McGrath,United States,Seattle,AMER,NAMER
3306,Jonathan Marshall,Czech Republic,Brno,EMEA,EU-EAST
3307,Evan Paige,United States,Los Angeles,AMER,NAMER
3308,Trevor Simpson,United States,Atlanta,AMER,NAMER
3309,Ian Butler,Italy,Milan,EMEA,EU
3310,Alexandra Slater,Argentina,Buenos Aires,AMER,LATAM
3311,Charles Churchill,United States,Los Angeles,AMER,NAMER
3312,Evan Ogden,South Africa,Johannesburg,EMEA,MEA
3313,Peter Ellison,United Kingdom,London,EMEA,UKIR
3314,Boris Hunter,United States,New York City,AMER,NAMER
3315,Joe Davies,Ireland,Dublin,EMEA,UKIR
3316,William Robertson,Mexico,Mexico City,AMER,LATAM
3317,Andrea Reid,Argentina,Rosario,AMER,LATAM
3318,Virginia Murray,United States,Jackson,AMER,NAMER
3319,Colin Hamilton,United Kingdom,London,EMEA,UKIR
3320,Liam Young,Argentina,Buenos Aires,AMER,LATAM
3321,Chloe Campbell,United States,Los Angeles,AMER,NAMER
3322,Andrew Miller,Spain,Madrid,EMEA,EU-WEST
3323,Eric Mills,France,Paris,EMEA,EU-WEST
3324,Sebastian Robertson,France,Nice,EMEA,EU-WEST
3325,Jan Baker,France,Paris,EMEA,EU-WEST
3326,Sue Ince,United Kingdom,London,EMEA,UKIR
3327,Madeleine Howard,France,Paris,EMEA,EU-WEST
3328,Sebastian Abraham,Brazil,São Paulo,AMER,LATAM
3329,Carol Edmunds,United Kingdom,Liverpool,EMEA,UKIR
3330,Amelia Kelly,United States,New York City,AMER,NAMER
3331,Dan Davidson,China,Shanghai,APJ,APAC
3332,Melanie Chapman,United States,Los Angeles,AMER,NAMER
3333,Austin Peters,Japan,Tokyo,APJ,JAPN
3334,Leonard Springer,Brazil,São Paulo,AMER,LATAM
3335,Robert McGrath,United Kingdom,Cardiff,EMEA,UKIR
3336,Sue Wilson,Mexico,Toluca,AMER,LATAM
3337,Neil Smith,Brazil,Rio de Janeiro,AMER,LATAM
3338,Angela Churchill,Saudi Arabia,Dhahran,EMEA,MEA
3339,Connor McDonald,Japan,Aichi,APJ,JAPN
3340,Jane Stewart,United Kingdom,London,EMEA,UKIR
3341,Diana Taylor,United Kingdom,London,EMEA,UKIR
3342,Liam Murray,France,Paris,EMEA,EU-WEST
3343,Jonathan Lawrence,Spain,Madrid,EMEA,EU-WEST
3344,Molly Scott,France,Paris,EMEA,EU-WEST
3345,Edward Mathis,France,Paris,EMEA,EU-WEST
3346,Justin Scott,United States,Columbus,AMER,NAMER
3347,Max Ross,United States,Los Angeles,AMER,NAMER
3348,Faith Gray,France,Paris,EMEA,EU-WEST
3349,Gavin White,Japan,Sapporo,APJ,JAPN
3350,Luke Davidson,Ukraine,Kyiv,EMEA,EU-EAST
3351,Jonathan Ball,Chile,Santiago,AMER,LATAM
3352,Benjamin Berry,United States,Richmond,AMER,NAMER
3353,Evan Ross,United States,Los Angeles,AMER,NAMER
3354,Luke McDonald,United Arab Emirates,Abu Dhabi,EMEA,MEA
3355,Jennifer Roberts,United Kingdom,London,EMEA,UKIR
3356,Leonard Cameron,Sweden,Stockholm,EMEA,NOR
3357,Lisa Edmunds,Russia,Moscow,EMEA,EU-EAST
3358,Maria Edmunds,Japan,Tokyo,APJ,JAPN
3359,Sonia Parsons,Japan,Tokyo,APJ,JAPN
3360,Thomas Gibson,Germany,Berlin,EMEA,EU-WEST
3361,Megan Smith,Spain,Seville,EMEA,EU-WEST
3362,Emily Ogden,Ireland,Dublin,EMEA,UKIR
3363,Stewart Baker,United States,Huntsville,AMER,NAMER
3364,Jan Hardacre,Chile,Puente Alto,AMER,LATAM
3365,Dominic Lawrence,United States,Seattle,AMER,NAMER
3366,Emily Ross,Canada,Toronto,AMER,NAMER
3367,Alexandra May,United Kingdom,London,EMEA,UKIR
3368,Boris Baker,United States,New York City,AMER,NAMER
3369,Audrey Bower,Mexico,Toluca,AMER,LATAM
3370,Owen Hill,Mexico,Guadalajara,AMER,LATAM
3371,Victoria Henderson,United States,New York City,AMER,NAMER
3372,Theresa Paige,Sweden,Gothenburg,EMEA,NOR
3373,Isaac Paterson,Poland,Krakow,EMEA,EU-WEST
3374,Max McGrath,United Kingdom,London,EMEA,UKIR
3375,Chloe May,Australia,Sydney,APJ,ANZ
3376,Thomas Ross,France,Paris,EMEA,EU-WEST
3377,David Murray,United Kingdom,London,EMEA,UKIR
3378,Zoe Lyman,France,Paris,EMEA,EU-WEST
3379,Victor Walsh,Mexico,Cancun,AMER,LATAM
3380,John MacDonald,United States,Los Angeles,AMER,NAMER
3381,Sophie Cornish,Japan,Osaka,APJ,JAPN
3382,Jan Hemmings,United States,New York City,AMER,NAMER
3383,Leah MacLeod,Russia,Moscow,EMEA,EU-EAST
3384,Ian McGrath,United Kingdom,London,EMEA,UKIR
3385,Carl Miller,Chile,Antofagasta,AMER,LATAM
3386,Samantha Hardacre,India,Mumbai,APJ,IND
3387,Rose Smith,Canada,Toronto,AMER,NAMER
3388,Alison Coleman,Brazil,São Paulo,AMER,LATAM
3389,Irene Graham,United States,San Diego,AMER,NAMER
3390,Penelope Ball,China,Shenzhen,APJ,APAC
3391,Wanda Hardacre,Sweden,Stockholm,EMEA,NOR
3392,Oliver Coleman,United States,Los Angeles,AMER,NAMER
3393,Amy Edmunds,United States,Columbus,AMER,NAMER
3394,Richard Carr,United States,Los Angeles,AMER,NAMER
3395,Jacob Vaughan,Finland,Helsinki,EMEA,NOR
3396,Frank Newman,India,Mumbai,APJ,IND
3397,Claire Springer,Brazil,Manaus,AMER,LATAM
3398,Kimberly Short,Luxembourg,Luxembourg,EMEA,EU-WEST
3399,Bella Payne,United States,Virginia Beach,AMER,NAMER
3400,Lisa Peake,United Kingdom,London,EMEA,UKIR
3401,Jake Berry,Brazil,Rio de Janeiro,AMER,LATAM
3402,Samantha Piper,United States,New York City,AMER,NAMER
3403,Zoe Bond,Japan,Tokyo,APJ,JAPN
3404,Justin Carr,Canada,Toronto,AMER,NAMER
3405,David McDonald,United States,New York City,AMER,NAMER
3406,Lauren Peters,Sweden,Stockholm,EMEA,NOR
3407,Bella Wallace,United Kingdom,London,EMEA,UKIR
3408,Lisa Lee,France,Paris,EMEA,EU-WEST
3409,Bella Hodges,United States,New York City,AMER,NAMER
3410,Leonard Parsons,United Kingdom,Manchester,EMEA,UKIR
3411,Nathan McGrath,Mexico,Guadalajara,AMER,LATAM
3412,Una Mackay,Canada,Toronto,AMER,NAMER
3413,Jonathan Gibson,Ukraine,Kharkiv,EMEA,EU-EAST
3414,Cameron King,United States,Philadelphia,AMER,NAMER
3415,Boris Springer,France,Lyon,EMEA,EU-WEST
3416,Sam Randall,Germany,Berlin,EMEA,EU-WEST
3417,Steven Henderson,Sweden,Uppsala,EMEA,NOR
3418,Jasmine Springer,India,Mumbai,APJ,IND
3419,Adam Manning,United States,Los Angeles,AMER,NAMER
3420,Joshua Glover,Portugal,Lisboa,EMEA,EU-WEST
3421,Jan Vaughan,Japan,Tokyo,APJ,JAPN
3422,Jonathan Brown,Norway,Oslo,EMEA,NOR
3423,Andrew Smith,United Kingdom,London,EMEA,UKIR
3424,Blake Jackson,Russia,Novosibirsk,EMEA,EU-EAST
3425,Justin Walker,United States,Columbia,AMER,NAMER
3426,Pippa Hunter,Luxembourg,Luxembourg,EMEA,EU-WEST
3427,Liam Russell,Spain,Madrid,EMEA,EU-WEST
3428,Nicola Butler,Finland,Helsinki,EMEA,NOR
3429,Ruth Vaughan,United States,New York City,AMER,NAMER
3430,Molly Mitchell,Germany,Stuttgart,EMEA,EU-WEST
3431,Alexandra Morrison,Mexico,Guadalajara,AMER,LATAM
3432,Ryan Ellison,United Kingdom,Belfast,EMEA,UKIR
3433,Joe Skinner,Sweden,Stockholm,EMEA,NOR
3434,Nicholas May,South Korea,Seoul,APJ,APAC
3435,Julian Langdon,Saudi Arabia,Dhahran,EMEA,MEA
3436,Owen Scott,United States,Los Angeles,AMER,NAMER
3437,Cameron Lawrence,United States,Los Angeles,AMER,NAMER
3438,Nathan Marshall,Mexico,Mexico City,AMER,LATAM
3439,Gabrielle Russell,Japan,Aichi,APJ,JAPN
3440,Melanie Dowd,Saudi Arabia,Dhahran,EMEA,MEA
3441,Sarah Sanderson,United States,New York City,AMER,NAMER
3442,Jake North,United Kingdom,London,EMEA,UKIR
3443,Wendy Young,Sweden,Stockholm,EMEA,NOR
3444,Gabrielle Dowd,Australia,Brisbane,APJ,ANZ
3445,Bernadette Hill,Ireland,Dublin,EMEA,UKIR
3446,Cameron Randall,Japan,Saitama,APJ,JAPN
3447,Liam Burgess,United States,New York City,AMER,NAMER
3448,Paul Martin,France,Paris,EMEA,EU-WEST
3449,Rebecca Lambert,Chile,Santiago,AMER,LATAM
3450,Claire Henderson,United States,Oakland,AMER,NAMER
3451,Pippa Chapman,China,Shenzhen,APJ,APAC
3452,Warren McGrath,Australia,Melbourne,APJ,ANZ
3453,Tracey Dickens,Finland,Tampere,EMEA,NOR
3454,Rose Hill,Sweden,Gothenburg,EMEA,NOR
3455,Sue Parsons,Spain,Madrid,EMEA,EU-WEST
3456,Carolyn Parr,Chile,Santiago,AMER,LATAM
3457,Steven Coleman,United Kingdom,London,EMEA,UKIR
3458,Ruth Kerr,United States,Milwaukee,AMER,NAMER
3459,Carl Powell,Japan,Tokyo,APJ,JAPN
3460,Joseph White,Chile,Antofagasta,AMER,LATAM
3461,Elizabeth Young,United States,Jackson,AMER,NAMER
3462,Katherine Graham,Mexico,Cabo San Lucas,AMER,LATAM
3463,Faith Robertson,United States,Los Angeles,AMER,NAMER
3464,Diana Black,Ireland,Dublin,EMEA,UKIR
3465,Carol Greene,Russia,Moscow,EMEA,EU-EAST
3466,Adam Davidson,Chile,Santiago,AMER,LATAM
3467,Sonia Hardacre,Portugal,Lisboa,EMEA,EU-WEST
3468,Andrea Hughes,Finland,Helsinki,EMEA,NOR
3469,Audrey Alsop,Japan,Tokyo,APJ,JAPN
3470,Ella Springer,Argentina,Buenos Aires,AMER,LATAM
3471,William May,United Kingdom,London,EMEA,UKIR
3472,Brandon Kerr,United States,New York City,AMER,NAMER
3473,Alexander Wallace,United Kingdom,Manchester,EMEA,UKIR
3474,Faith Campbell,Sweden,Uppsala,EMEA,NOR
3475,Leonard Dyer,United Kingdom,London,EMEA,UKIR
3476,Harry Buckland,United States,New York City,AMER,NAMER
3477,Brian Hunter,France,Paris,EMEA,EU-WEST
3478,Olivia Graham,United Kingdom,London,EMEA,UKIR
3479,Andrew Lewis,Canada,Ottawa,AMER,NAMER
3480,Una Poole,Japan,Tokyo,APJ,JAPN
3481,Ella Hart,United States,New York City,AMER,NAMER
3482,Sophie Murray,United Kingdom,London,EMEA,UKIR
3483,Emma Greene,France,Paris,EMEA,EU-WEST
3484,Dan Allan,Canada,Toronto,AMER,NAMER
3485,Jack Hughes,Australia,Sydney,APJ,ANZ
3486,Una Avery,Chile,Santiago,AMER,LATAM
3487,Alexandra Sharp,United States,Columbia,AMER,NAMER
3488,Frank Ball,Argentina,Mendoza,AMER,LATAM
3489,Emma Thomson,South Korea,Seoul,APJ,APAC
3490,Audrey Young,United States,Seattle,AMER,NAMER
3491,Anna Clarkson,United States,Seattle,AMER,NAMER
3492,Olivia Taylor,Ireland,Dublin,EMEA,UKIR
3493,Kylie Poole,United Kingdom,Leeds,EMEA,UKIR
3494,Felicity Terry,France,Paris,EMEA,EU-WEST
3495,Peter Knox,Canada,Toronto,AMER,NAMER
3496,Kimberly Langdon,United Kingdom,London,EMEA,UKIR
3497,Emily Campbell,France,Paris,EMEA,EU-WEST
3498,Hannah Hughes,Japan,Fukuoka,APJ,JAPN
3499,Connor Roberts,Japan,Shizuoka,APJ,JAPN
3500,Dan Rutherford,Australia,Melbourne,APJ,ANZ
3501,Justin Turner,Spain,Seville,EMEA,EU-WEST
3502,Pippa Edmunds,Japan,Fukuoka,APJ,JAPN
3503,Rose James,Canada,Calgary,AMER,NAMER
3504,Rose Dyer,Australia,Adelaide,APJ,ANZ
3505,Michael Forsyth,United States,New York City,AMER,NAMER
3506,Ruth Tucker,Canada,Vancouver,AMER,NAMER
3507,Alison Howard,United States,New York City,AMER,NAMER
3508,Theresa Henderson,Czech Republic,Brno,EMEA,EU-EAST
3509,Sarah Alsop,Belgium,Antwerp,EMEA,EU-WEST
3510,Gordon Sanderson,Austria,Vienna,EMEA,EU-WEST
3511,Leah Murray,Australia,Brisbane,APJ,ANZ
3512,Kevin Jones,United States,Los Angeles,AMER,NAMER
3513,Alan Bailey,Canada,Toronto,AMER,NAMER
3514,Boris Walsh,United States,New York City,AMER,NAMER
3515,Alison Miller,Canada,Toronto,AMER,NAMER
3516,Frank Piper,Japan,Aichi,APJ,JAPN
3517,Blake Reid,Israel,Tel Aviv,EMEA,EU-EAST
3518,Gordon Burgess,Spain,Barcelona,EMEA,EU-WEST
3519,John Jones,United States,Los Angeles,AMER,NAMER
3520,Lisa Wilkins,United States,New York City,AMER,NAMER
3521,Karen Vance,India,Delhi,APJ,IND
3522,Felicity Sutherland,Mexico,Mexico City,AMER,LATAM
3523,Charles Buckland,United States,Seattle,AMER,NAMER
3524,Molly Turner,United States,Los Angeles,AMER,NAMER
3525,Carol Berry,Mexico,Puerto Vallarta,AMER,LATAM
3526,David Graham,United States,Seattle,AMER,NAMER
3527,Michelle Hemmings,Japan,Tokyo,APJ,JAPN
3528,Joan Ball,United States,San Diego,AMER,NAMER
3529,Sean Morrison,Japan,Tokyo,APJ,JAPN
3530,Joe Allan,Spain,Barcelona,EMEA,EU-WEST
3531,Alexander Martin,Sweden,Malmö,EMEA,NOR
3532,Bernadette Scott,Italy,Milan,EMEA,EU
3533,Edward Berry,Italy,Turin,EMEA,EU
3534,Cameron Miller,Japan,Tokyo,APJ,JAPN
3535,Edward Hardacre,Indonesia,Jakarta,APJ,APAC
3536,John Dyer,Japan,Aichi,APJ,JAPN
3537,Karen Edmunds,Singapore,Singapore,APJ,APAC
3538,Rebecca May,Mexico,Monterrey,AMER,LATAM
3539,Luke Churchill,Australia,Sydney,APJ,ANZ
3540,Ryan Turner,Sweden,Stockholm,EMEA,NOR
3541,Trevor Rutherford,Finland,Vantaa,EMEA,NOR
3542,Emily Blake,Sweden,Stockholm,EMEA,NOR
3543,Penelope Terry,Ireland,Dublin,EMEA,UKIR
3544,Adrian Walker,Canada,Toronto,AMER,NAMER
3545,Zoe Edmunds,Russia,Moscow,EMEA,EU-EAST
3546,Joanne Harris,United States,Los Angeles,AMER,NAMER
3547,Irene Johnston,Canada,Montreal,AMER,NAMER
3548,Max James,Japan,Osaka,APJ,JAPN
3549,Victoria Ellison,Spain,Valencia,EMEA,EU-WEST
3550,Adrian Clarkson,Luxembourg,Luxembourg,EMEA,EU-WEST
3551,Vanessa Metcalfe,India,Delhi,APJ,IND
3552,Keith Randall,United Kingdom,Leeds,EMEA,UKIR
3553,Adam Nash,Finland,Helsinki,EMEA,NOR
3554,Maria James,United Kingdom,Bristol,EMEA,UKIR
3555,Madeleine Cameron,Japan,Hyogo,APJ,JAPN
3556,Kimberly Manning,Russia,St Petersburg,EMEA,EU-EAST
3557,Gordon Dyer,United Kingdom,London,EMEA,UKIR
3558,Joanne Hemmings,Australia,Sydney,APJ,ANZ
3559,Caroline Greene,Mexico,Mexico City,AMER,LATAM
3560,Lucas Taylor,Japan,Tokyo,APJ,JAPN
3561,Caroline Gibson,United States,Newark,AMER,NAMER
3562,Bella Morgan,Japan,Tokyo,APJ,JAPN
3563,Joanne Blake,Portugal,Lisboa,EMEA,EU-WEST
3564,Max Skinner,Norway,Oslo,EMEA,NOR
3565,Owen Ellison,Luxembourg,Luxembourg,EMEA,EU-WEST
3566,Brandon Vaughan,Argentina,Córdoba,AMER,LATAM
3567,Warren Reid,France,Paris,EMEA,EU-WEST
3568,Harry McLean,United States,Lawrence,AMER,NAMER
3569,Nicholas Skinner,Canada,Toronto,AMER,NAMER
3570,Jasmine Greene,China,Beijing,APJ,APAC
3571,Dominic Short,Philippines,Manila,APJ,APAC
3572,Alexander Pullman,Chile,Santiago,AMER,LATAM
3573,Sonia Miller,Germany,Dresden,EMEA,EU-WEST
3574,Connor Nolan,United States,Burlington,AMER,NAMER
3575,Pippa Kerr,France,Paris,EMEA,EU-WEST
3576,Gordon Bower,Greece,Athens,EMEA,EU-EAST
3577,Leonard Kelly,France,Paris,EMEA,EU-WEST
3578,Sue Miller,Japan,Saitama,APJ,JAPN
3579,Brian Peters,Japan,Sapporo,APJ,JAPN
3580,Connor Paige,Poland,Warsaw,EMEA,EU-WEST
3581,Lucas Newman,United States,Fort Worth,AMER,NAMER
3582,Grace Butler,Mexico,Puerto Vallarta,AMER,LATAM
3583,Joe Lee,United States,Los Angeles,AMER,NAMER
3584,Max Langdon,Turkey,Istanbul,EMEA,MEA
3585,Gordon Baker,Portugal,Lisboa,EMEA,EU-WEST
3586,Donna Bailey,Australia,Melbourne,APJ,ANZ
3587,Lucas Oliver,Saudi Arabia,Riyadh,EMEA,MEA
3588,Victoria Wilkins,Germany,Berlin,EMEA,EU-WEST
3589,Sophie Pullman,United States,Los Angeles,AMER,NAMER
3590,Paul Harris,Mexico,Mexico City,AMER,LATAM
3591,Warren Butler,Russia,Moscow,EMEA,EU-EAST
3592,Leonard Poole,India,Delhi,APJ,IND
3593,Connor Morrison,United States,New York City,AMER,NAMER
3594,Andrew Sanderson,United States,Newark,AMER,NAMER
3595,Amelia Chapman,United States,New York City,AMER,NAMER
3596,Andrea Hill,United States,Seattle,AMER,NAMER
3597,Blake Short,United Kingdom,London,EMEA,UKIR
3598,Donna Hemmings,Spain,Madrid,EMEA,EU-WEST
3599,Diane Murray,Sweden,Gothenburg,EMEA,NOR
3600,Steven Rees,Canada,Toronto,AMER,NAMER
3601,Kimberly Harris,Canada,Toronto,AMER,NAMER
3602,Christian Lyman,South Africa,Johannesburg,EMEA,MEA
3603,Karen Welch,Canada,Toronto,AMER,NAMER
3604,Tracey Skinner,United Kingdom,London,EMEA,UKIR
3605,Natalie Newman,Chile,Santiago,AMER,LATAM
3606,Max Hardacre,Croatia,Zagreb,EMEA,EU-WEST
3607,James Terry,United Kingdom,London,EMEA,UKIR
3608,Carl Ince,Russia,Nizhny Novogorod,EMEA,EU-EAST
3609,Frank Hart,South Africa,Johannesburg,EMEA,MEA
3610,Emma Stewart,United States,Los Angeles,AMER,NAMER
3611,Jennifer Bailey,United States,Philadelphia,AMER,NAMER
3612,Michael Lewis,United Kingdom,London,EMEA,UKIR
3613,Ava Oliver,United States,Los Angeles,AMER,NAMER
3614,Sophie Poole,United States,New York City,AMER,NAMER
3615,Jasmine McDonald,New Zealand,Auckland,APJ,ANZ
3616,Cameron Oliver,Australia,Hobart,APJ,ANZ
3617,Evan Jackson,United Kingdom,London,EMEA,UKIR
3618,Kevin Brown,Russia,Moscow,EMEA,EU-EAST
3619,Benjamin Hughes,Canada,Toronto,AMER,NAMER
3620,Felicity Peake,Sweden,Gothenburg,EMEA,NOR
3621,Alan Gill,United States,New York City,AMER,NAMER
3622,Warren Abraham,United Kingdom,London,EMEA,UKIR
3623,Keith Mills,United Kingdom,Glasgow,EMEA,UKIR
3624,Jake Mackenzie,India,Bangalore,APJ,IND
3625,Rose Ball,Australia,Brisbane,APJ,ANZ
3626,Ryan Thomson,United States,Los Angeles,AMER,NAMER
3627,Christian Kerr,Germany,Cologne,EMEA,EU-WEST
3628,Caroline Smith,Japan,Tokyo,APJ,JAPN
3629,Molly Grant,United States,Jacksonville,AMER,NAMER
3630,Irene Lambert,Chile,Puente Alto,AMER,LATAM
3631,Charles Wilkins,France,Paris,EMEA,EU-WEST
3632,Ian Sharp,Ireland,Dublin,EMEA,UKIR
3633,Harry Vaughan,Japan,Kyoto,APJ,JAPN
3634,Frank Metcalfe,United Kingdom,London,EMEA,UKIR
3635,Rachel Bond,Germany,Berlin,EMEA,EU-WEST
3636,Benjamin Bailey,United States,New York City,AMER,NAMER
3637,Andrew Slater,United States,New York City,AMER,NAMER
3638,Kimberly MacDonald,Poland,Warsaw,EMEA,EU-WEST
3639,Jennifer Payne,United Kingdom,London,EMEA,UKIR
3640,Wanda Sharp,Canada,Toronto,AMER,NAMER
3641,Jason Arnold,United States,New York City,AMER,NAMER
3642,Kevin Burgess,United Kingdom,London,EMEA,UKIR
3643,Stephanie Kelly,Poland,Warsaw,EMEA,EU-WEST
3644,Luke Ross,Japan,Fukuoka,APJ,JAPN
3645,Joan Watson,United States,New York City,AMER,NAMER
3646,Matt Bell,South Korea,Incheon,APJ,APAC
3647,Keith Paige,United States,Seattle,AMER,NAMER
3648,Alexander Hill,Russia,Novosibirsk,EMEA,EU-EAST
3649,Harry Sharp,Mexico,Tijuana,AMER,LATAM
3650,Samantha Paterson,Finland,Helsinki,EMEA,NOR
3651,Andrea Rampling,United States,Miami,AMER,NAMER
3652,Theresa Murray,Canada,Toronto,AMER,NAMER
3653,Christian Glover,United States,Seattle,AMER,NAMER
3654,Kimberly Black,Germany,Munich,EMEA,EU-WEST
3655,Julian Morrison,United States,Los Angeles,AMER,NAMER
3656,Oliver King,Finland,Helsinki,EMEA,NOR
3657,Sally Nolan,Turkey,Istanbul,EMEA,MEA
3658,Claire Vance,Japan,Aichi,APJ,JAPN
3659,Jonathan Grant,New Zealand,Auckland,APJ,ANZ
3660,Olivia Hamilton,Canada,Toronto,AMER,NAMER
3661,Julian Short,South Korea,Seoul,APJ,APAC
3662,Phil Mills,United States,Louisville,AMER,NAMER
3663,Carl Avery,Portugal,Lisboa,EMEA,EU-WEST
3664,James Fisher,Japan,Kanagawa,APJ,JAPN
3665,Liam Robertson,Finland,Helsinki,EMEA,NOR
3666,Ian Jones,India,Delhi,APJ,IND
3667,Alexander Langdon,Sweden,Gothenburg,EMEA,NOR
3668,Stephen Robertson,Chile,Santiago,AMER,LATAM
3669,Michael Nolan,Czech Republic,Prague,EMEA,EU-EAST
3670,Rachel Blake,Finland,Helsinki,EMEA,NOR
3671,Alan Berry,Chile,Santiago,AMER,LATAM
3672,Felicity Abraham,United Kingdom,Bristol,EMEA,UKIR
3673,Samantha Ince,United States,Richmond,AMER,NAMER
3674,Dylan Ince,France,Paris,EMEA,EU-WEST
3675,Frank Davidson,Finland,Helsinki,EMEA,NOR
3676,Dan Hunter,United Kingdom,London,EMEA,UKIR
3677,Joshua Vaughan,Russia,Moscow,EMEA,EU-EAST
3678,Joanne Davies,Japan,Osaka,APJ,JAPN
3679,Ella King,Brazil,Brasília,AMER,LATAM
3680,Emma Langdon,Finland,Helsinki,EMEA,NOR
3681,Jacob Paterson,Brazil,São Paulo,AMER,LATAM
3682,Joan Glover,Japan,Aichi,APJ,JAPN
3683,Leonard Ogden,New Zealand,Auckland,APJ,ANZ
3684,Colin White,United States,Arlington,AMER,NAMER
3685,Jessica Hughes,Norway,Oslo,EMEA,NOR
3686,Jennifer Avery,United Kingdom,London,EMEA,UKIR
3687,Jennifer Watson,France,Paris,EMEA,EU-WEST
3688,Anna Reid,United Kingdom,Leeds,EMEA,UKIR
3689,Penelope Brown,Canada,Toronto,AMER,NAMER
3690,Anna Fisher,Chile,Santiago,AMER,LATAM
3691,Matt Berry,Japan,Tokyo,APJ,JAPN
3692,Christopher Hodges,Japan,Tokyo,APJ,JAPN
3693,Ryan Jackson,France,Paris,EMEA,EU-WEST
3694,Samantha Walker,United Kingdom,London,EMEA,UKIR
3695,Simon Taylor,Japan,Tokyo,APJ,JAPN
3696,Phil Tucker,Japan,Saitama,APJ,JAPN
3697,Dorothy Pullman,France,Paris,EMEA,EU-WEST
3698,Natalie Skinner,Australia,Melbourne,APJ,ANZ
3699,Katherine Manning,Japan,Tokyo,APJ,JAPN
3700,Keith Morrison,Portugal,Lisboa,EMEA,EU-WEST
3701,Austin Randall,South Africa,Johannesburg,EMEA,MEA
3702,Megan Rampling,United States,San Diego,AMER,NAMER
3703,Jan White,United States,Yonkers,AMER,NAMER
3704,Peter Nolan,Japan,Aichi,APJ,JAPN
3705,Gavin Clark,Ireland,Dublin,EMEA,UKIR
3706,Keith Coleman,France,Paris,EMEA,EU-WEST
3707,Nicholas Paterson,United Kingdom,London,EMEA,UKIR
3708,Chloe White,Germany,Berlin,EMEA,EU-WEST
3709,Theresa Cameron,Sweden,Stockholm,EMEA,NOR
3710,Dominic Burgess,Japan,Chiba,APJ,JAPN
3711,Grace Bell,Japan,Ibaraki,APJ,JAPN
3712,Molly Watson,Ukraine,Kyiv,EMEA,EU-EAST
3713,Julian Glover,Japan,Sapporo,APJ,JAPN
3714,Ella Thomson,France,Paris,EMEA,EU-WEST
3715,Blake Hart,Japan,Aichi,APJ,JAPN
3716,Lisa Lawrence,United States,New York City,AMER,NAMER
3717,Rose MacDonald,Mexico,Cancun,AMER,LATAM
3718,Karen Langdon,United Kingdom,London,EMEA,UKIR
3719,Lauren Ellison,Philippines,Manila,APJ,APAC
3720,Joshua Short,United States,Seattle,AMER,NAMER
3721,Carl Langdon,Sweden,Stockholm,EMEA,NOR
3722,Alison Mills,Philippines,Davao City,APJ,APAC
3723,Justin Walsh,South Africa,Cape Town,EMEA,MEA
3724,Ryan Kerr,South Korea,Busan,APJ,APAC
3725,Theresa McLean,Chile,Puente Alto,AMER,LATAM
3726,Emma Baker,France,Paris,EMEA,EU-WEST
3727,Ella Rees,United Kingdom,Manchester,EMEA,UKIR
3728,Bernadette Black,United States,New York City,AMER,NAMER
3729,Karen Howard,South Africa,Johannesburg,EMEA,MEA
3730,Boris Vance,Italy,Turin,EMEA,EU
3731,John Davies,Finland,Helsinki,EMEA,NOR
3732,Jane Manning,France,Lyon,EMEA,EU-WEST
3733,Victor Avery,Japan,Tokyo,APJ,JAPN
3734,Nathan Hughes,United Kingdom,London,EMEA,UKIR
3735,Dylan Anderson,Russia,Moscow,EMEA,EU-EAST
3736,Thomas Watson,United States,Atlanta,AMER,NAMER
3737,Peter Johnston,United Kingdom,London,EMEA,UKIR
3738,Peter Peake,Japan,Sapporo,APJ,JAPN
3739,Ella Clarkson,Australia,Sydney,APJ,ANZ
3740,Victor Gill,Australia,Melbourne,APJ,ANZ
3741,Kevin Wilkins,United Kingdom,London,EMEA,UKIR
3742,Carolyn Metcalfe,South Africa,Cape Town,EMEA,MEA
3743,Heather Dyer,Germany,Mannheim,EMEA,EU-WEST
3744,Rebecca Mackay,United States,Burlington,AMER,NAMER
3745,Donna Scott,United States,Los Angeles,AMER,NAMER
3746,Simon Hart,United States,New York City,AMER,NAMER
3747,Michael Watson,Singapore,Singapore,APJ,APAC
3748,Joanne Forsyth,United States,New York City,AMER,NAMER
3749,Diane Hart,United Kingdom,London,EMEA,UKIR
3750,Amelia Lee,Australia,Melbourne,APJ,ANZ
3751,Deirdre Ogden,Sweden,Stockholm,EMEA,NOR
3752,Benjamin Bower,United States,New York City,AMER,NAMER
3753,Lily Hart,Saudi Arabia,Dhahran,EMEA,MEA
3754,Luke Rutherford,South Korea,Busan,APJ,APAC
3755,Jack Ince,Turkey,Bursa,EMEA,MEA
3756,Ryan Johnston,Canada,Toronto,AMER,NAMER
3757,Gavin Nash,France,Paris,EMEA,EU-WEST
3758,Kylie Lee,United States,New York City,AMER,NAMER
3759,Max Morgan,Sweden,Gothenburg,EMEA,NOR
3760,Sophie Hill,Japan,Aichi,APJ,JAPN
3761,Sebastian Young,Japan,Tokyo,APJ,JAPN
3762,Julian Newman,Canada,Toronto,AMER,NAMER
3763,Lily Blake,United States,New York City,AMER,NAMER
3764,Sean Randall,Mexico,Guadalajara,AMER,LATAM
3765,Lily Hardacre,France,Paris,EMEA,EU-WEST
3766,Sam Lawrence,Costa Rica,San José,AMER,LATAM
3767,Victor Lewis,Greece,Athens,EMEA,EU-EAST
3768,Molly MacDonald,Czech Republic,Prague,EMEA,EU-EAST
3769,Andrea Hunter,Sweden,Stockholm,EMEA,NOR
3770,Oliver Cornish,Germany,Berlin,EMEA,EU-WEST
3771,Nathan Lambert,United States,New York City,AMER,NAMER
3772,Trevor Metcalfe,Norway,Oslo,EMEA,NOR
3773,Katherine Watson,Italy,Milan,EMEA,EU
3774,Felicity Peters,Spain,Seville,EMEA,EU-WEST
3775,Brian Campbell,United States,New York City,AMER,NAMER
3776,Charles Ross,United Kingdom,London,EMEA,UKIR
3777,Sam Gill,Ireland,Dublin,EMEA,UKIR
3778,Joshua Gibson,Australia,Sydney,APJ,ANZ
3779,Katherine Rutherford,United States,Los Angeles,AMER,NAMER
3780,Katherine Baker,Argentina,Buenos Aires,AMER,LATAM
3781,Boris Reid,United States,Aurora,AMER,NAMER
3782,Kylie Mackenzie,Finland,Espoo,EMEA,NOR
3783,Stewart Vance,Japan,Kanagawa,APJ,JAPN
3784,Molly Martin,Portugal,Porto,EMEA,EU-WEST
3785,Simon McDonald,Spain,Valencia,EMEA,EU-WEST
3786,Emma Watson,Australia,Sydney,APJ,ANZ
3787,Phil Turner,United States,Philadelphia,AMER,NAMER
3788,Jacob Hart,France,Paris,EMEA,EU-WEST
3789,Alexander Duncan,France,Paris,EMEA,EU-WEST
3790,Ella Paige,Netherlands,Amsterdam,EMEA,EU-WEST
3791,Bernadette Hudson,Australia,Geelong,APJ,ANZ
3792,Frank Ferguson,Mexico,Mexico City,AMER,LATAM
3793,Chloe Vance,Mexico,Monterrey,AMER,LATAM
,,,,,
,,,,,
,,,,,
,,,,,
,,,,,
,,,,,
,,,,,
,,,,,
,,,,,
,,,,,
,,,,,
,,,,,
,,,,,
,,,,,
,,,,,
,,,,,
,,,,,
,,,,,
,,,,,
,,,,,
,,,,,
,,,,,
,,,,,
,,,,,
,,,,,
,,,,,
,,,,,
,,,,,
,,,,,
,,,,,
,,,,,
,,,,,
,,,,,
,,,,,
,,,,,
,,,,,
,,,,,
,,,,,
,,,,,
,,,,,
,,,,,
,,,,,
,,,,,
,,,,,
,,,,,
,,,,,
,,,,,
,,,,,
,,,,,
,,,,,
,,,,,
,,,,,
,,,,,
,,,,,
,,,,,
,,,,,
,,,,,
,,,,,
,,,,,
,,,,,
,,,,,
,,,,,
,,,,,
,,,,,
,,,,,
,,,,,
,,,,,
,,,,,
,,,,,
,,,,,
,,,,,
,,,,,
,,,,,
,,,,,
,,,,,
,,,,,
,,,,,
,,,,,
,,,,,
,,,,,
,,,,,
,,,,,
,,,,,
,,,,,
,,,,,
,,,,,
,,,,,
,,,,,
,,,,,
,,,,,
,,,,,
,,,,,
,,,,,
,,,,,
,,,,,
,,,,,
,,,,,
,,,,,
,,,,,
,,,,,
,,,,,
,,,,,
,,,,,
,,,,,
,,,,,
,,,,,
,,,,,
,,,,,
,,,,,
,,,,,
,,,,,
,,,,,
,,,,,
,,,,,
,,,,,
,,,,,
,,,,,
,,,,,
,,,,,
,,,,,
,,,,,
,,,,,
,,,,,
,,,,,
,,,,,
,,,,,
,,,,,
,,,,,
,,,,,
,,,,,
,,,,,
,,,,,
,,,,,
,,,,,
,,,,,
,,,,,
,,,,,
,,,,,
,,,,,
,,,,,
,,,,,
,,,,,
,,,,,
,,,,,
,,,,,
,,,,,
,,,,,
,,,,,
,,,,,
,,,,,
,,,,,
,,,,,
,,,,,
,,,,,
,,,,,
,,,,,
,,,,,
,,,,,
,,,,,
,,,,,
,,,,,
,,,,,
,,,,,
,,,,,
,,,,,
,,,,,
,,,,,
,,,,,
,,,,,
,,,,,
,,,,,
,,,,,
,,,,,
,,,,,
,,,,,
,,,,,
,,,,,
,,,,,
,,,,,
,,,,,
,,,,,
,,,,,
,,,,,
,,,,,
,,,,,
,,,,,
,,,,,
,,,,,
,,,,,
,,,,,
,,,,,
,,,,,
,,,,,
,,,,,
,,,,,
,,,,,
,,,,,
,,,,,
,,,,,
,,,,,
,,,,,
,,,,,
,,,,,
,,,,,
,,,,,
,,,,,
,,,,,
,,,,,
,,,,,
,,,,,
,,,,,
,,,,,
,,,,,
,,,,,
,,,,,
,,,,,
,,,,,
,,,,,
,,,,,
,,,,,
,,,,,
,,,,,
,,,,,
,,,,,
,,,,,
,,,,,
,,,,,
,,,,,
,,,,,
,,,,,
,,,,,
,,,,,
,,,,,
,,,,,
,,,,,
,,,,,
,,,,,
,,,,,
,,,,,
,,,,,
,,,,,
,,,,,
,,,,,
,,,,,
,,,,,
,,,,,
,,,,,
,,,,,
,,,,,
,,,,,
,,,,,
,,,,,
,,,,,
,,,,,
,,,,,
,,,,,
,,,,,
,,,,,
,,,,,
,,,,,
,,,,,
,,,,,
,,,,,
,,,,,
,,,,,
,,,,,
,,,,,
,,,,,
,,,,,
,,,,,
,,,,,
,,,,,
,,,,,
,,,,,
,,,,,
,,,,,
,,,,,
,,,,,
,,,,,
,,,,,
,,,,,
,,,,,
,,,,,
,,,,,
,,,,,
,,,,,
,,,,,
,,,,,
,,,,,
,,,,,
,,,,,
,,,,,
,,,,,
,,,,,
,,,,,
,,,,,
,,,,,
,,,,,
,,,,,
,,,,,
,,,,,
,,,,,
,,,,,
,,,,,
,,,,,
,,,,,
,,,,,
,,,,,
,,,,,
,,,,,
,,,,,
,,,,,
,,,,,
,,,,,
,,,,,
,,,,,
,,,,,
,,,,,
,,,,,
,,,,,
,,,,,
,,,,,
,,,,,
,,,,,
,,,,,
,,,,,
,,,,,
,,,,,
,,,,,
,,,,,
,,,,,
,,,,,
,,,,,
,,,,,
,,,,,
,,,,,
,,,,,
,,,,,
,,,,,
,,,,,
,,,,,
,,,,,
,,,,,
,,,,,
,,,,,
,,,,,
,,,,,
,,,,,
,,,,,
,,,,,
,,,,,
,,,,,
,,,,,
,,,,,
,,,,,
,,,,,
,,,,,
,,,,,
,,,,,
,,,,,
,,,,,
,,,,,
,,,,,
,,,,,
,,,,,
,,,,,
,,,,,
,,,,,
,,,,,
,,,,,
,,,,,
,,,,,
,,,,,
,,,,,
,,,,,
,,,,,
,,,,,
,,,,,
,,,,,
,,,,,
,,,,,
,,,,,
,,,,,
,,,,,
,,,,,
,,,,,
,,,,,
,,,,,
,,,,,
,,,,,
,,,,,
,,,,,
,,,,,
,,,,,
,,,,,
,,,,,
,,,,,
,,,,,
,,,,,
,,,,,
,,,,,
,,,,,
,,,,,
,,,,,
,,,,,
,,,,,
,,,,,
,,,,,
,,,,,
,,,,,
,,,,,
,,,,,
,,,,,
,,,,,
,,,,,
,,,,,
,,,,,
,,,,,
,,,,,
,,,,,
,,,,,
,,,,,
,,,,,
,,,,,
,,,,,
,,,,,
,,,,,
,,,,,
,,,,,
,,,,,
,,,,,
,,,,,
,,,,,
,,,,,
,,,,,
,,,,,
,,,,,
,,,,,
,,,,,
,,,,,
,,,,,
,,,,,
,,,,,
,,,,,
,,,,,
,,,,,
,,,,,
,,,,,
,,,,,
,,,,,
,,,,,
,,,,,
,,,,,
,,,,,
,,,,,
,,,,,
,,,,,
,,,,,
,,,,,
,,,,,
,,,,,
,,,,,
,,,,,
,,,,,
,,,,,
,,,,,
,,,,,
,,,,,
,,,,,
,,,,,
,,,,,
,,,,,
,,,,,
,,,,,
,,,,,
,,,,,
,,,,,
,,,,,
,,,,,
,,,,,
,,,,,
,,,,,
,,,,,
,,,,,
,,,,,
,,,,,
,,,,,
,,,,,
,,,,,
,,,,,
,,,,,
,,,,,
,,,,,
,,,,,
,,,,,
,,,,,
,,,,,
,,,,,
,,,,,
,,,,,
,,,,,
,,,,,
,,,,,
,,,,,
,,,,,
,,,,,
,,,,,
,,,,,
,,,,,
,,,,,
,,,,,
,,,,,
,,,,,
,,,,,
,,,,,
,,,,,
,,,,,
,,,,,
,,,,,
,,,,,
,,,,,
,,,,,
,,,,,
,,,,,
,,,,,
,,,,,
,,,,,
,,,,,
,,,,,
,,,,,
,,,,,
,,,,,
,,,,,
,,,,,
,,,,,
,,,,,
,,,,,
,,,,,
,,,,,
,,,,,
,,,,,
,,,,,
,,,,,
,,,,,
,,,,,
,,,,,
,,,,,
,,,,,
,,,,,
,,,,,
,,,,,
,,,,,
,,,,,
,,,,,
,,,,,
,,,,,
,,,,,
,,,,,
,,,,,
,,,,,
,,,,,
,,,,,
,,,,,
,,,,,
,,,,,
,,,,,
,,,,,
,,,,,
,,,,,
,,,,,
,,,,,
,,,,,
,,,,,
,,,,,
,,,,,
,,,,,
,,,,,
,,,,,
,,,,,
,,,,,
,,,,,
,,,,,
,,,,,
,,,,,
,,,,,
,,,,,
,,,,,
,,,,,
,,,,,
,,,,,
,,,,,
,,,,,
,,,,,
,,,,,
,,,,,
,,,,,
,,,,,
,,,,,
,,,,,
,,,,,
,,,,,
,,,,,
,,,,,
,,,,,
,,,,,
,,,,,
,,,,,
,,,,,
,,,,,
,,,,,
,,,,,
,,,,,
,,,,,
,,,,,
,,,,,
,,,,,
,,,,,
,,,,,
,,,,,
,,,,,
,,,,,
,,,,,
,,,,,
,,,,,
,,,,,
,,,,,
,,,,,
,,,,,
,,,,,
,,,,,
,,,,,
,,,,,
,,,,,
,,,,,
,,,,,
,,,,,
,,,,,
,,,,,
,,,,,
,,,,,
,,,,,
,,,,,
,,,,,
,,,,,
,,,,,
,,,,,
,,,,,
,,,,,
,,,,,
,,,,,
,,,,,
,,,,,
,,,,,
,,,,,
,,,,,
,,,,,
,,,,,
,,,,,
,,,,,
,,,,,
,,,,,
,,,,,
,,,,,
,,,,,
,,,,,
,,,,,
,,,,,
,,,,,
,,,,,
,,,,,
,,,,,
,,,,,
,,,,,
,,,,,
,,,,,
,,,,,
,,,,,
,,,,,
,,,,,
,,,,,
,,,,,
,,,,,
,,,,,
,,,,,
,,,,,
,,,,,
,,,,,
,,,,,
,,,,,
,,,,,
,,,,,
,,,,,
,,,,,
,,,,,
,,,,,
,,,,,
,,,,,
,,,,,
,,,,,
,,,,,
,,,,,
,,,,,
,,,,,
,,,,,
,,,,,
,,,,,
,,,,,
,,,,,
,,,,,
,,,,,
,,,,,
,,,,,
,,,,,
,,,,,
,,,,,
,,,,,
,,,,,
,,,,,
,,,,,
,,,,,
,,,,,
,,,,,
,,,,,
,,,,,
,,,,,
,,,,,
,,,,,
,,,,,
,,,,,
,,,,,
,,,,,
,,,,,
,,,,,
,,,,,
,,,,,
,,,,,
,,,,,
,,,,,
,,,,,
,,,,,
,,,,,
,,,,,
,,,,,
,,,,,
,,,,,
,,,,,
,,,,,
,,,,,
,,,,,
,,,,,
,,,,,
,,,,,
,,,,,
,,,,,
,,,,,
,,,,,
,,,,,
,,,,,
,,,,,
,,,,,
,,,,,
,,,,,
,,,,,
,,,,,
,,,,,
,,,,,
,,,,,
,,,,,
,,,,,
,,,,,
,,,,,
,,,,,
,,,,,
,,,,,
,,,,,
,,,,,
,,,,,
,,,,,
,,,,,
,,,,,
,,,,,
,,,,,
,,,,,
,,,,,
,,,,,
,,,,,
,,,,,
,,,,,
,,,,,
,,,,,
,,,,,
,,,,,
,,,,,
,,,,,
,,,,,
,,,,,
,,,,,
,,,,,
,,,,,
,,,,,
,,,,,
,,,,,
,,,,,
,,,,,
,,,,,
,,,,,
,,,,,
,,,,,
,,,,,
,,,,,
,,,,,
,,,,,
,,,,,
,,,,,
,,,,,
,,,,,
,,,,,
,,,,,
,,,,,
,,,,,
,,,,,
,,,,,
,,,,,
,,,,,
,,,,,
,,,,,
,,,,,
,,,,,
,,,,,
,,,,,
,,,,,
,,,,,
,,,,,
,,,,,
,,,,,
,,,,,
,,,,,
,,,,,
,,,,,
,,,,,
,,,,,
,,,,,
,,,,,
,,,,,
,,,,,
,,,,,
,,,,,
,,,,,
,,,,,
,,,,,
,,,,,
,,,,,
,,,,,
,,,,,
,,,,,
,,,,,
,,,,,
,,,,,
,,,,,
,,,,,
,,,,,
,,,,,
,,,,,
,,,,,
,,,,,
,,,,,
,,,,,
,,,,,
,,,,,
,,,,,
,,,,,
,,,,,
,,,,,
,,,,,
,,,,,
,,,,,
,,,,,
,,,,,
,,,,,
,,,,,
,,,,,
,,,,,
,,,,,
,,,,,
,,,,,
,,,,,
,,,,,
,,,,,
,,,,,
,,,,,
,,,,,
,,,,,
,,,,,
,,,,,
,,,,,
,,,,,
,,,,,
,,,,,
,,,,,
,,,,,
,,,,,
,,,,,
,,,,,
,,,,,
,,,,,
,,,,,
,,,,,
,,,,,
,,,,,
,,,,,
,,,,,
,,,,,
,,,,,
,,,,,
,,,,,
,,,,,
,,,,,
,,,,,
,,,,,
,,,,,
,,,,,
,,,,,
,,,,,
,,,,,
,,,,,
,,,,,
,,,,,
,,,,,
,,,,,
,,,,,
,,,,,
,,,,,
,,,,,
,,,,,
,,,,,
,,,,,
,,,,,
,,,,,
,,,,,
,,,,,
,,,,,
,,,,,
,,,,,
,,,,,
,,,,,
,,,,,
,,,,,
,,,,,
,,,,,
,,,,,
,,,,,
,,,,,
,,,,,
,,,,,
,,,,,
,,,,,
,,,,,
,,,,,
,,,,,
,,,,,
,,,,,
,,,,,
,,,,,
,,,,,
,,,,,
,,,,,
,,,,,
,,,,,
,,,,,
,,,,,
,,,,,
,,,,,
,,,,,
,,,,,
,,,,,
,,,,,
,,,,,
,,,,,
,,,,,
,,,,,
,,,,,
,,,,,
,,,,,
,,,,,
,,,,,
,,,,,
,,,,,
,,,,,
,,,,,
,,,,,
,,,,,
,,,,,
,,,,,
,,,,,
,,,,,
,,,,,
,,,,,
,,,,,
,,,,,
,,,,,
,,,,,
,,,,,
,,,,,
,,,,,
,,,,,
,,,,,
,,,,,
,,,,,
,,,,,
,,,,,
,,,,,
,,,,,
,,,,,
,,,,,
,,,,,
,,,,,
,,,,,
,,,,,
,,,,,
,,,,,
,,,,,
,,,,,
,,,,,
,,,,,
,,,,,
,,,,,
,,,,,
,,,,,
,,,,,
,,,,,
,,,,,
,,,,,
,,,,,
,,,,,
,,,,,
,,,,,
,,,,,
,,,,,
,,,,,
,,,,,
,,,,,
,,,,,
,,,,,
,,,,,
,,,,,
,,,,,
,,,,,
,,,,,
,,,,,
,,,,,
,,,,,
,,,,,
,,,,,
,,,,,
,,,,,
,,,,,
,,,,,
,,,,,
,,,,,
,,,,,
,,,,,
,,,,,
,,,,,
,,,,,
,,,,,
,,,,,
,,,,,
,,,,,
,,,,,
,,,,,
,,,,,
,,,,,
,,,,,
,,,,,
,,,,,
,,,,,
,,,,,
,,,,,
,,,,,
,,,,,
,,,,,
,,,,,
,,,,,
,,,,,
,,,,,
,,,,,
,,,,,
,,,,,
,,,,,
,,,,,
,,,,,
,,,,,
,,,,,
,,,,,
,,,,,
,,,,,
,,,,,
,,,,,
,,,,,
,,,,,
,,,,,
,,,,,
,,,,,
,,,,,
,,,,,
,,,,,
,,,,,
,,,,,
,,,,,
,,,,,
,,,,,
,,,,,
,,,,,
,,,,,
,,,,,
,,,,,
,,,,,
,,,,,
,,,,,
,,,,,
,,,,,
,,,,,
,,,,,
,,,,,
,,,,,
,,,,,
,,,,,
,,,,,
,,,,,
,,,,,
,,,,,
,,,,,
,,,,,
,,,,,
,,,,,
,,,,,
,,,,,
,,,,,
,,,,,
,,,,,
,,,,,
,,,,,
,,,,,
,,,,,
,,,,,
,,,,,
,,,,,
,,,,,
,,,,,
,,,,,
,,,,,
,,,,,
,,,,,
,,,,,
,,,,,
,,,,,
,,,,,
,,,,,
,,,,,
,,,,,
,,,,,
,,,,,
,,,,,
,,,,,
,,,,,
,,,,,
,,,,,
,,,,,
,,,,,
,,,,,
,,,,,
,,,,,
,,,,,
,,,,,
,,,,,
,,,,,
,,,,,
,,,,,
,,,,,
,,,,,
,,,,,
,,,,,
,,,,,
,,,,,
,,,,,
,,,,,
,,,,,
,,,,,
,,,,,
,,,,,
,,,,,
,,,,,
,,,,,
,,,,,
,,,,,
,,,,,
,,,,,
,,,,,
,,,,,
,,,,,
,,,,,
,,,,,
,,,,,
,,,,,
,,,,,
,,,,,
,,,,,
,,,,,
,,,,,
,,,,,
,,,,,
,,,,,
,,,,,
,,,,,
,,,,,
,,,,,
,,,,,
,,,,,
,,,,,
,,,,,
,,,,,
,,,,,
,,,,,
,,,,,
,,,,,
,,,,,
,,,,,
,,,,,
,,,,,
,,,,,
,,,,,
,,,,,
,,,,,
,,,,,
,,,,,
,,,,,
,,,,,
,,,,,
,,,,,
,,,,,
,,,,,
,,,,,
,,,,,
,,,,,
,,,,,
,,,,,
,,,,,
,,,,,
,,,,,
,,,,,
,,,,,
,,,,,
,,,,,
,,,,,
,,,,,
,,,,,
,,,,,
,,,,,
,,,,,
,,,,,
,,,,,
,,,,,
,,,,,
,,,,,
,,,,,
,,,,,
,,,,,
,,,,,
,,,,,
,,,,,
,,,,,
,,,,,
,,,,,
,,,,,
,,,,,
,,,,,
,,,,,
,,,,,
,,,,,
,,,,,
,,,,,
,,,,,
,,,,,
,,,,,
,,,,,
,,,,,
,,,,,
,,,,,
,,,,,
,,,,,
,,,,,
,,,,,
,,,,,
,,,,,
,,,,,
,,,,,
,,,,,
,,,,,
,,,,,
,,,,,
,,,,,
,,,,,
,,,,,
,,,,,
,,,,,
,,,,,
,,,,,
,,,,,
,,,,,
,,,,,
,,,,,
,,,,,
,,,,,
,,,,,
,,,,,
,,,,,
,,,,,
,,,,,
,,,,,
,,,,,
,,,,,
,,,,,
,,,,,
,,,,,
,,,,,
,,,,,
,,,,,
,,,,,
,,,,,
,,,,,
,,,,,
,,,,,
,,,,,
,,,,,
,,,,,
,,,,,
,,,,,
,,,,,
,,,,,
,,,,,
,,,,,
,,,,,
,,,,,
,,,,,
,,,,,
,,,,,
,,,,,
,,,,,
,,,,,
,,,,,
,,,,,
,,,,,
,,,,,
,,,,,
,,,,,
,,,,,
,,,,,
,,,,,
,,,,,
,,,,,
,,,,,
,,,,,
,,,,,
,,,,,
,,,,,
,,,,,
,,,,,
,,,,,
,,,,,
,,,,,
,,,,,
,,,,,
,,,,,
,,,,,
,,,,,
,,,,,
,,,,,
,,,,,
,,,,,
,,,,,
,,,,,
,,,,,
,,,,,
,,,,,
,,,,,
,,,,,
,,,,,
,,,,,
,,,,,
,,,,,
,,,,,
,,,,,
,,,,,
,,,,,
,,,,,
,,,,,
,,,,,
,,,,,
,,,,,
,,,,,
,,,,,
,,,,,
,,,,,
,,,,,
,,,,,
,,,,,
,,,,,
,,,,,
,,,,,
,,,,,
,,,,,
,,,,,
,,,,,
,,,,,
,,,,,
,,,,,
,,,,,
,,,,,
,,,,,
,,,,,
,,,,,
,,,,,
,,,,,
,,,,,
,,,,,
,,,,,
,,,,,
,,,,,
,,,,,
,,,,,
,,,,,
,,,,,
,,,,,
,,,,,
,,,,,
,,,,,
,,,,,
,,,,,
,,,,,
,,,,,
,,,,,
,,,,,
,,,,,
,,,,,
,,,,,
,,,,,
,,,,,
,,,,,
,,,,,
,,,,,
,,,,,
,,,,,
,,,,,
,,,,,
,,,,,
,,,,,
,,,,,
,,,,,
,,,,,
,,,,,
,,,,,
,,,,,
,,,,,
,,,,,
,,,,,
,,,,,
,,,,,
,,,,,
,,,,,
,,,,,
,,,,,
,,,,,
,,,,,
,,,,,
,,,,,
,,,,,
,,,,,
,,,,,
,,,,,
,,,,,
,,,,,
,,,,,
,,,,,
,,,,,
,,,,,
,,,,,
,,,,,
,,,,,
,,,,,
,,,,,
,,,,,
,,,,,
,,,,,
,,,,,
,,,,,
,,,,,
,,,,,
,,,,,
,,,,,
,,,,,
,,,,,
,,,,,
,,,,,
,,,,,
,,,,,
,,,,,
,,,,,
,,,,,
,,,,,
,,,,,
,,,,,
,,,,,
,,,,,
,,,,,
,,,,,
,,,,,
,,,,,
,,,,,
,,,,,
,,,,,
,,,,,
,,,,,
,,,,,
,,,,,
,,,,,
,,,,,
,,,,,
,,,,,
,,,,,
,,,,,
,,,,,
,,,,,
,,,,,
,,,,,
,,,,,
,,,,,
,,,,,
,,,,,
,,,,,
,,,,,
,,,,,
,,,,,
,,,,,
,,,,,
,,,,,
,,,,,
,,,,,
,,,,,
,,,,,
,,,,,
,,,,,
,,,,,
,,,,,
,,,,,
,,,,,
,,,,,
,,,,,
,,,,,
,,,,,
,,,,,
,,,,,
,,,,,
,,,,,
,,,,,
,,,,,
,,,,,
,,,,,
,,,,,
,,,,,
,,,,,
,,,,,
,,,,,
,,,,,
,,,,,
,,,,,
,,,,,
,,,,,
,,,,,
,,,,,
,,,,,
,,,,,
,,,,,
,,,,,
,,,,,
,,,,,
,,,,,
,,,,,
,,,,,
,,,,,
,,,,,
,,,,,
,,,,,
,,,,,
,,,,,
,,,,,
,,,,,
,,,,,
,,,,,
,,,,,
,,,,,
,,,,,
,,,,,
,,,,,
,,,,,
,,,,,
,,,,,
,,,,,
,,,,,
,,,,,
,,,,,
,,,,,
,,,,,
,,,,,
,,,,,
,,,,,
,,,,,
,,,,,
,,,,,
,,,,,
,,,,,
,,,,,
,,,,,
,,,,,
,,,,,
,,,,,
,,,,,
,,,,,
,,,,,
,,,,,
,,,,,
,,,,,
,,,,,
,,,,,
,,,,,
,,,,,
,,,,,
,,,,,
,,,,,
,,,,,
,,,,,
,,,,,
,,,,,
,,,,,
,,,,,
,,,,,
,,,,,
,,,,,
,,,,,
,,,,,
,,,,,
,,,,,
,,,,,
,,,,,
,,,,,
,,,,,
,,,,,
,,,,,
,,,,,
,,,,,
,,,,,
,,,,,
,,,,,
,,,,,
,,,,,
,,,,,
,,,,,
,,,,,
,,,,,
,,,,,
,,,,,
,,,,,
,,,,,
,,,,,
,,,,,
,,,,,
,,,,,
,,,,,
,,,,,
,,,,,
,,,,,
,,,,,
,,,,,
,,,,,
,,,,,
,,,,,
,,,,,
,,,,,
,,,,,
,,,,,
,,,,,
,,,,,
,,,,,
,,,,,
,,,,,
,,,,,
,,,,,
,,,,,
,,,,,
,,,,,
,,,,,
,,,,,
,,,,,
,,,,,
,,,,,
,,,,,
,,,,,
,,,,,
,,,,,
,,,,,
,,,,,
,,,,,
,,,,,
,,,,,
,,,,,
,,,,,
,,,,,
,,,,,
,,,,,
,,,,,
,,,,,
,,,,,
,,,,,
,,,,,
,,,,,
,,,,,
,,,,,
,,,,,
,,,,,
,,,,,
,,,,,
,,,,,
,,,,,
,,,,,
,,,,,
,,,,,
,,,,,
,,,,,
,,,,,
,,,,,
,,,,,
,,,,,
,,,,,
,,,,,
,,,,,
,,,,,
,,,,,
,,,,,
,,,,,
,,,,,
,,,,,
,,,,,
,,,,,
,,,,,
,,,,,
,,,,,
,,,,,
,,,,,
,,,,,
,,,,,
,,,,,
,,,,,
,,,,,
,,,,,
,,,,,
,,,,,
,,,,,
,,,,,
,,,,,
,,,,,
,,,,,
,,,,,
,,,,,
,,,,,
,,,,,
,,,,,
,,,,,
,,,,,
,,,,,
,,,,,
,,,,,
,,,,,
,,,,,
,,,,,
,,,,,
,,,,,
,,,,,
,,,,,
,,,,,
,,,,,
,,,,,
,,,,,
,,,,,
,,,,,
,,,,,
,,,,,
,,,,,
,,,,,
,,,,,
,,,,,
,,,,,
,,,,,
,,,,,
,,,,,
,,,,,
,,,,,
,,,,,
,,,,,
,,,,,
,,,,,
,,,,,
,,,,,
,,,,,
,,,,,
,,,,,
,,,,,
,,,,,
,,,,,
,,,,,
,,,,,
,,,,,
,,,,,
,,,,,
,,,,,
,,,,,
,,,,,
,,,,,
,,,,,
,,,,,
,,,,,
,,,,,
,,,,,
,,,,,
,,,,,
,,,,,
,,,,,
,,,,,
,,,,,
,,,,,
,,,,,
,,,,,
,,,,,
,,,,,
,,,,,
,,,,,
,,,,,
,,,,,
,,,,,
,,,,,
,,,,,
,,,,,
,,,,,
,,,,,
,,,,,
,,,,,
,,,,,
,,,,,
,,,,,
,,,,,
,,,,,
,,,,,
,,,,,
,,,,,
,,,,,
,,,,,
,,,,,
,,,,,
,,,,,
,,,,,
,,,,,
,,,,,
,,,,,
,,,,,
,,,,,
,,,,,
,,,,,
,,,,,
,,,,,
,,,,,
,,,,,
,,,,,
,,,,,
,,,,,
,,,,,
,,,,,
,,,,,
,,,,,
,,,,,
,,,,,
,,,,,
,,,,,
,,,,,
,,,,,
,,,,,
,,,,,
,,,,,
,,,,,
,,,,,
,,,,,
,,,,,
,,,,,
,,,,,
,,,,,
,,,,,
,,,,,
,,,,,
,,,,,
,,,,,
,,,,,
,,,,,
,,,,,
,,,,,
,,,,,
,,,,,
,,,,,
,,,,,
,,,,,
,,,,,
,,,,,
,,,,,
,,,,,
,,,,,
,,,,,
,,,,,
,,,,,
,,,,,
,,,,,
,,,,,
,,,,,
,,,,,
,,,,,
,,,,,
,,,,,
,,,,,
,,,,,
,,,,,
,,,,,
,,,,,
,,,,,
,,,,,
,,,,,
,,,,,
,,,,,
,,,,,
,,,,,
,,,,,
,,,,,
,,,,,
,,,,,
,,,,,
,,,,,
,,,,,
,,,,,
,,,,,
,,,,,
,,,,,
,,,,,
,,,,,
,,,,,
,,,,,
,,,,,
,,,,,
,,,,,
,,,,,
,,,,,
,,,,,
,,,,,
,,,,,
,,,,,
,,,,,
,,,,,
,,,,,
,,,,,
,,,,,
,,,,,
,,,,,
,,,,,
,,,,,
,,,,,
,,,,,
,,,,,
,,,,,
,,,,,
,,,,,
,,,,,
,,,,,
,,,,,
,,,,,
,,,,,
,,,,,
,,,,,
,,,,,
,,,,,
,,,,,
,,,,,
,,,,,
,,,,,
,,,,,
,,,,,
,,,,,
,,,,,
,,,,,
,,,,,
,,,,,
,,,,,
,,,,,
,,,,,
,,,,,
,,,,,
,,,,,
,,,,,
,,,,,
,,,,,
,,,,,
,,,,,
,,,,,
,,,,,
,,,,,
,,,,,
,,,,,
,,,,,
,,,,,
,,,,,
,,,,,
,,,,,
,,,,,
,,,,,
,,,,,
,,,,,
,,,,,
,,,,,
,,,,,
,,,,,
,,,,,
,,,,,
,,,,,
,,,,,
,,,,,
,,,,,
,,,,,
,,,,,
,,,,,
,,,,,
,,,,,
,,,,,
,,,,,
,,,,,
,,,,,
,,,,,
,,,,,
,,,,,
,,,,,
,,,,,
,,,,,
,,,,,
,,,,,
,,,,,
,,,,,
,,,,,
,,,,,
,,,,,
,,,,,
,,,,,
,,,,,
,,,,,
,,,,,
,,,,,
,,,,,
,,,,,
,,,,,
,,,,,
,,,,,
,,,,,
,,,,,
,,,,,
,,,,,
,,,,,
,,,,,
,,,,,
,,,,,
,,,,,
,,,,,
,,,,,
,,,,,
,,,,,
,,,,,
,,,,,
,,,,,
,,,,,
,,,,,
,,,,,
,,,,,
,,,,,
,,,,,
,,,,,
,,,,,
,,,,,
,,,,,
,,,,,
,,,,,
,,,,,
,,,,,
,,,,,
,,,,,
,,,,,
,,,,,
,,,,,
,,,,,
,,,,,
,,,,,
,,,,,
,,,,,
,,,,,
,,,,,
,,,,,
,,,,,
,,,,,
,,,,,
,,,,,
,,,,,
,,,,,
,,,,,
,,,,,
,,,,,
,,,,,
,,,,,
,,,,,
,,,,,
,,,,,
,,,,,
,,,,,
,,,,,
,,,,,
,,,,,
,,,,,
,,,,,
,,,,,
,,,,,
,,,,,
,,,,,
,,,,,
,,,,,
,,,,,
,,,,,
,,,,,
,,,,,
,,,,,
,,,,,
,,,,,
,,,,,
,,,,,
,,,,,
,,,,,
,,,,,
,,,,,
,,,,,
,,,,,
,,,,,
,,,,,
,,,,,
,,,,,
,,,,,
,,,,,
,,,,,
,,,,,
,,,,,
,,,,,
,,,,,
,,,,,
,,,,,
,,,,,
,,,,,
,,,,,
,,,,,
,,,,,
,,,,,
,,,,,
,,,,,
,,,,,
,,,,,
,,,,,
,,,,,
,,,,,
,,,,,
,,,,,
,,,,,
,,,,,
,,,,,
,,,,,
,,,,,
,,,,,
,,,,,
,,,,,
,,,,,
,,,,,
,,,,,
,,,,,
,,,,,
,,,,,
,,,,,
,,,,,
,,,,,
,,,,,
,,,,,
,,,,,
,,,,,
,,,,,
,,,,,
,,,,,
,,,,,
,,,,,
,,,,,
,,,,,
,,,,,
,,,,,
,,,,,
,,,,,
,,,,,
,,,,,
,,,,,
,,,,,
,,,,,
,,,,,
,,,,,
,,,,,
,,,,,
,,,,,
,,,,,
,,,,,
,,,,,
,,,,,
,,,,,
,,,,,
,,,,,
,,,,,
,,,,,
,,,,,
,,,,,
,,,,,
,,,,,
,,,,,
,,,,,
,,,,,
,,,,,
,,,,,
,,,,,
,,,,,
,,,,,
,,,,,
,,,,,
,,,,,
,,,,,
,,,,,
,,,,,
,,,,,
,,,,,
,,,,,
,,,,,
,,,,,
,,,,,
,,,,,
,,,,,
,,,,,
,,,,,
,,,,,
,,,,,
,,,,,
,,,,,
,,,,,
,,,,,
,,,,,
,,,,,
,,,,,
,,,,,
,,,,,
,,,,,
,,,,,
,,,,,
,,,,,
,,,,,
,,,,,
,,,,,
,,,,,
,,,,,
,,,,,
,,,,,
,,,,,
,,,,,
,,,,,
,,,,,
,,,,,
,,,,,
,,,,,
,,,,,
,,,,,
,,,,,
,,,,,
,,,,,
,,,,,
,,,,,
,,,,,
,,,,,
,,,,,
,,,,,
,,,,,
,,,,,
,,,,,
,,,,,
,,,,,
,,,,,
,,,,,
,,,,,
,,,,,
,,,,,
,,,,,
,,,,,
,,,,,
,,,,,
,,,,,
,,,,,
,,,,,
,,,,,
,,,,,
,,,,,
,,,,,
,,,,,
,,,,,
,,,,,
,,,,,
,,,,,
,,,,,
,,,,,
,,,,,
,,,,,
,,,,,
,,,,,
,,,,,
,,,,,
,,,,,
,,,,,
,,,,,
,,,,,
,,,,,
,,,,,
,,,,,
,,,,,
,,,,,
,,,,,
,,,,,
,,,,,
,,,,,
,,,,,
,,,,,
,,,,,
,,,,,
,,,,,
,,,,,
,,,,,
,,,,,
,,,,,
,,,,,
,,,,,
,,,,,
,,,,,
,,,,,
,,,,,
,,,,,
,,,,,
,,,,,
,,,,,
,,,,,
,,,,,
,,,,,
,,,,,
,,,,,
,,,,,
,,,,,
,,,,,
,,,,,
,,,,,
,,,,,
,,,,,
,,,,,
,,,,,
,,,,,
,,,,,
,,,,,
,,,,,
,,,,,
,,,,,
,,,,,
,,,,,
,,,,,
,,,,,
,,,,,
,,,,,
,,,,,
,,,,,
,,,,,
,,,,,
,,,,,
,,,,,
,,,,,
,,,,,
,,,,,
,,,,,
,,,,,
,,,,,
,,,,,
,,,,,
,,,,,
,,,,,
,,,,,
,,,,,
,,,,,
,,,,,
,,,,,
,,,,,
,,,,,
,,,,,
,,,,,
,,,,,
,,,,,
,,,,,
,,,,,
,,,,,
,,,,,
,,,,,
,,,,,
,,,,,
,,,,,
,,,,,
,,,,,
,,,,,
,,,,,
,,,,,
,,,,,
,,,,,
,,,,,
,,,,,
,,,,,
,,,,,
,,,,,
,,,,,
,,,,,
,,,,,
,,,,,
,,,,,
,,,,,
,,,,,
,,,,,
,,,,,
,,,,,
,,,,,
,,,,,
,,,,,
,,,,,
,,,,,
,,,,,
,,,,,
,,,,,
,,,,,
,,,,,
,,,,,
,,,,,
,,,,,
,,,,,
,,,,,
,,,,,
,,,,,
,,,,,
,,,,,
,,,,,
,,,,,
,,,,,
,,,,,
,,,,,
,,,,,
,,,,,
,,,,,
,,,,,
,,,,,
,,,,,
,,,,,
,,,,,
,,,,,
,,,,,
,,,,,
,,,,,
,,,,,
,,,,,
,,,,,
,,,,,
,,,,,
,,,,,
,,,,,
,,,,,
,,,,,
,,,,,
,,,,,
,,,,,
,,,,,
,,,,,
,,,,,
,,,,,
,,,,,
,,,,,
,,,,,
,,,,,
,,,,,
,,,,,
,,,,,
,,,,,
,,,,,
,,,,,
,,,,,
,,,,,
,,,,,
,,,,,
,,,,,
,,,,,
,,,,,
,,,,,
,,,,,
,,,,,
,,,,,
,,,,,
,,,,,
,,,,,
,,,,,
,,,,,
,,,,,
,,,,,
,,,,,
,,,,,
,,,,,
,,,,,
,,,,,
,,,,,
,,,,,
,,,,,
,,,,,
,,,,,
,,,,,
,,,,,
,,,,,
,,,,,
,,,,,
,,,,,
,,,,,
,,,,,
,,,,,
,,,,,
,,,,,
,,,,,
,,,,,
,,,,,
,,,,,
,,,,,
,,,,,
,,,,,
,,,,,
,,,,,
,,,,,
,,,,,
,,,,,
,,,,,
,,,,,
,,,,,
,,,,,
,,,,,
,,,,,
,,,,,
,,,,,
,,,,,
,,,,,
,,,,,
,,,,,
,,,,,
,,,,,
,,,,,
,,,,,
,,,,,
,,,,,
,,,,,
,,,,,
,,,,,
,,,,,
,,,,,
,,,,,
,,,,,
,,,,,
,,,,,
,,,,,
,,,,,
,,,,,
,,,,,
,,,,,
,,,,,
,,,,,
,,,,,
,,,,,
,,,,,
,,,,,
,,,,,
,,,,,
,,,,,
,,,,,
,,,,,
,,,,,
,,,,,
,,,,,
,,,,,
,,,,,
,,,,,
,,,,,
,,,,,
,,,,,
,,,,,
,,,,,
,,,,,
,,,,,
,,,,,
,,,,,
,,,,,
,,,,,
,,,,,
,,,,,
,,,,,
,,,,,
,,,,,
,,,,,
,,,,,
,,,,,
,,,,,
,,,,,
,,,,,
,,,,,
,,,,,
,,,,,
,,,,,
,,,,,
,,,,,
,,,,,
,,,,,
,,,,,
,,,,,
,,,,,
,,,,,
,,,,,
,,,,,
,,,,,
,,,,,
,,,,,
,,,,,
,,,,,
,,,,,
,,,,,
,,,,,
,,,,,
,,,,,
,,,,,
,,,,,
,,,,,
,,,,,
,,,,,
,,,,,
,,,,,
,,,,,
,,,,,
,,,,,
,,,,,
,,,,,
,,,,,
,,,,,
,,,,,
,,,,,
,,,,,
,,,,,
,,,,,
,,,,,
,,,,,
,,,,,
,,,,,
,,,,,
,,,,,
,,,,,
,,,,,
,,,,,
,,,,,
,,,,,
,,,,,
,,,,,
,,,,,
,,,,,
,,,,,
,,,,,
,,,,,
,,,,,
,,,,,
,,,,,
,,,,,
,,,,,
,,,,,
,,,,,
,,,,,
,,,,,
,,,,,
,,,,,
,,,,,
,,,,,
,,,,,
,,,,,
,,,,,
,,,,,
,,,,,
,,,,,
,,,,,
,,,,,
,,,,,
,,,,,
,,,,,
,,,,,
,,,,,
,,,,,
,,,,,
,,,,,
,,,,,
,,,,,
,,,,,
,,,,,
,,,,,
,,,,,
,,,,,
,,,,,
,,,,,
,,,,,
,,,,,
,,,,,
,,,,,
,,,,,
,,,,,
,,,,,
,,,,,
,,,,,
,,,,,
,,,,,
,,,,,
,,,,,
,,,,,
,,,,,
,,,,,
,,,,,
,,,,,
,,,,,
,,,,,
,,,,,
,,,,,
,,,,,
,,,,,
,,,,,
,,,,,
,,,,,
,,,,,
,,,,,
,,,,,
,,,,,
,,,,,
,,,,,
,,,,,
,,,,,
,,,,,
,,,,,
,,,,,
,,,,,
,,,,,
,,,,,
,,,,,
,,,,,
,,,,,
,,,,,
,,,,,
,,,,,
,,,,,
,,,,,
,,,,,
,,,,,
,,,,,
,,,,,
,,,,,
,,,,,
,,,,,
,,,,,
,,,,,
,,,,,
,,,,,
,,,,,
,,,,,
,,,,,
,,,,,
,,,,,
,,,,,
,,,,,
,,,,,
,,,,,
,,,,,
,,,,,
,,,,,
,,,,,
,,,,,
,,,,,
,,,,,
,,,,,
,,,,,
,,,,,
,,,,,
,,,,,
,,,,,
,,,,,
,,,,,
,,,,,
,,,,,
,,,,,
,,,,,
,,,,,
,,,,,
,,,,,
,,,,,
,,,,,
,,,,,
,,,,,
,,,,,
,,,,,
,,,,,
,,,,,
,,,,,
,,,,,
,,,,,
,,,,,
,,,,,
,,,,,
,,,,,
,,,,,
,,,,,
,,,,,
,,,,,
,,,,,
,,,,,
,,,,,
,,,,,
,,,,,
,,,,,
,,,,,
,,,,,
,,,,,
,,,,,
,,,,,
,,,,,
,,,,,
,,,,,
,,,,,
,,,,,
,,,,,
,,,,,
,,,,,
,,,,,
,,,,,
,,,,,
,,,,,
,,,,,
,,,,,
,,,,,
,,,,,
,,,,,
,,,,,
,,,,,
,,,,,
,,,,,
,,,,,
,,,,,
,,,,,
,,,,,
,,,,,
,,,,,
,,,,,
,,,,,
,,,,,
,,,,,
,,,,,
,,,,,
,,,,,
,,,,,
,,,,,
,,,,,
,,,,,
,,,,,
,,,,,
,,,,,
,,,,,
,,,,,
,,,,,
,,,,,
,,,,,
,,,,,
,,,,,
,,,,,
,,,,,
,,,,,
,,,,,
,,,,,
,,,,,
,,,,,
,,,,,
,,,,,
,,,,,
,,,,,
,,,,,
,,,,,
,,,,,
,,,,,
,,,,,
,,,,,
,,,,,
,,,,,
,,,,,
,,,,,
,,,,,
,,,,,
,,,,,
,,,,,
,,,,,
,,,,,
,,,,,
,,,,,
,,,,,
,,,,,
,,,,,
,,,,,
,,,,,
,,,,,
,,,,,
,,,,,
,,,,,
,,,,,
,,,,,
,,,,,
,,,,,
,,,,,
,,,,,
,,,,,
,,,,,
,,,,,
,,,,,
,,,,,
,,,,,
,,,,,
,,,,,
,,,,,
,,,,,
,,,,,
,,,,,
,,,,,
,,,,,
,,,,,
,,,,,
,,,,,
,,,,,
,,,,,
,,,,,
,,,,,
,,,,,
,,,,,
,,,,,
,,,,,
,,,,,
,,,,,
,,,,,
,,,,,
,,,,,
,,,,,
,,,,,
,,,,,
,,,,,
,,,,,
,,,,,
,,,,,
,,,,,
,,,,,
,,,,,
,,,,,
,,,,,
,,,,,
,,,,,
,,,,,
,,,,,
,,,,,
,,,,,
,,,,,
,,,,,
,,,,,
,,,,,
,,,,,
,,,,,
,,,,,
,,,,,
,,,,,
,,,,,
,,,,,
,,,,,
,,,,,
,,,,,
,,,,,
,,,,,
,,,,,
,,,,,
,,,,,
,,,,,
,,,,,
,,,,,
,,,,,
,,,,,
,,,,,
,,,,,
,,,,,
,,,,,
,,,,,
,,,,,
,,,,,
,,,,,
,,,,,
,,,,,
,,,,,
,,,,,
,,,,,
,,,,,
,,,,,
,,,,,
,,,,,
,,,,,
,,,,,
,,,,,
,,,,,
,,,,,
,,,,,
,,,,,
,,,,,
,,,,,
,,,,,
,,,,,
,,,,,
,,,,,
,,,,,
,,,,,
,,,,,
,,,,,
,,,,,
,,,,,
,,,,,
,,,,,
,,,,,
,,,,,
,,,,,
,,,,,
,,,,,
,,,,,
,,,,,
,,,,,
,,,,,
,,,,,
,,,,,
,,,,,
,,,,,
,,,,,
,,,,,
,,,,,
,,,,,
,,,,,
,,,,,
,,,,,
,,,,,
,,,,,
,,,,,
,,,,,
,,,,,
,,,,,
,,,,,
,,,,,
,,,,,
,,,,,
,,,,,
,,,,,
,,,,,
,,,,,
,,,,,
,,,,,
,,,,,
,,,,,
,,,,,
,,,,,
,,,,,
,,,,,
,,,,,
,,,,,
,,,,,
,,,,,
,,,,,
,,,,,
,,,,,
,,,,,
,,,,,
,,,,,
,,,,,
,,,,,
,,,,,
,,,,,
,,,,,
,,,,,
,,,,,
,,,,,
,,,,,
,,,,,
,,,,,
,,,,,
,,,,,
,,,,,
,,,,,
,,,,,
,,,,,
,,,,,
,,,,,
,,,,,
,,,,,
,,,,,
,,,,,
,,,,,
,,,,,
,,,,,
,,,,,
,,,,,
,,,,,
,,,,,
,,,,,
,,,,,
,,,,,
,,,,,
,,,,,
,,,,,
,,,,,
,,,,,
,,,,,
,,,,,
,,,,,
,,,,,
,,,,,
,,,,,
,,,,,
,,,,,
,,,,,
,,,,,
,,,,,
,,,,,
,,,,,
,,,,,
,,,,,
,,,,,
,,,,,
,,,,,
,,,,,
,,,,,
,,,,,
,,,,,
,,,,,
,,,,,
,,,,,
,,,,,
,,,,,
,,,,,
,,,,,
,,,,,
,,,,,
,,,,,
,,,,,
,,,,,
,,,,,
,,,,,
,,,,,
,,,,,
,,,,,
,,,,,
,,,,,
,,,,,
,,,,,
,,,,,
,,,,,
,,,,,
,,,,,
,,,,,
,,,,,
,,,,,
,,,,,
,,,,,
,,,,,
,,,,,
,,,,,
,,,,,
,,,,,
,,,,,
,,,,,
,,,,,
,,,,,
,,,,,
,,,,,
,,,,,
,,,,,
,,,,,
,,,,,
,,,,,
,,,,,
,,,,,
,,,,,
,,,,,
,,,,,
,,,,,
,,,,,
,,,,,
,,,,,
,,,,,
,,,,,
,,,,,
,,,,,
,,,,,
,,,,,
,,,,,
,,,,,
,,,,,
,,,,,
,,,,,
,,,,,
,,,,,
,,,,,
,,,,,
,,,,,
,,,,,
,,,,,
,,,,,
,,,,,
,,,,,
,,,,,
,,,,,
,,,,,
,,,,,
,,,,,
,,,,,
,,,,,
,,,,,
,,,,,
,,,,,
,,,,,
,,,,,
,,,,,
,,,,,
,,,,,
,,,,,
,,,,,
,,,,,
,,,,,
,,,,,
,,,,,
,,,,,
,,,,,
,,,,,
,,,,,
,,,,,
,,,,,
,,,,,
,,,,,
,,,,,
,,,,,
,,,,,
,,,,,
,,,,,
,,,,,
,,,,,
,,,,,
,,,,,
,,,,,
,,,,,
,,,,,
,,,,,
,,,,,
,,,,,
,,,,,
,,,,,
,,,,,
,,,,,
,,,,,
,,,,,
,,,,,
,,,,,
,,,,,
,,,,,
,,,,,
,,,,,
,,,,,
,,,,,
,,,,,
,,,,,
,,,,,
,,,,,
,,,,,
,,,,,
,,,,,
,,,,,
,,,,,
,,,,,
,,,,,
,,,,,
,,,,,
,,,,,
,,,,,
,,,,,
,,,,,
,,,,,
,,,,,
,,,,,
,,,,,
,,,,,
,,,,,
,,,,,
,,,,,
,,,,,
,,,,,
,,,,,
,,,,,
,,,,,
,,,,,
,,,,,
,,,,,
,,,,,
,,,,,
,,,,,
,,,,,
,,,,,
,,,,,
,,,,,
,,,,,
,,,,,
,,,,,
,,,,,
,,,,,
,,,,,
,,,,,
,,,,,
,,,,,
,,,,,
,,,,,
,,,,,
,,,,,
,,,,,
,,,,,
,,,,,
,,,,,
,,,,,
,,,,,
,,,,,
,,,,,
,,,,,
,,,,,
,,,,,
,,,,,
,,,,,
,,,,,
,,,,,
,,,,,
,,,,,
,,,,,
,,,,,
,,,,,
,,,,,
,,,,,
,,,,,
,,,,,
,,,,,
,,,,,
,,,,,
,,,,,
,,,,,
,,,,,
,,,,,
,,,,,
,,,,,
,,,,,
,,,,,
,,,,,
,,,,,
,,,,,
,,,,,
,,,,,
,,,,,
,,,,,
,,,,,
,,,,,
,,,,,
,,,,,
,,,,,
,,,,,
,,,,,
,,,,,
,,,,,
,,,,,
,,,,,
,,,,,
,,,,,
,,,,,
,,,,,
,,,,,
,,,,,
,,,,,
,,,,,
,,,,,
,,,,,
,,,,,
,,,,,
,,,,,
,,,,,
,,,,,
,,,,,
,,,,,
,,,,,
,,,,,
,,,,,
,,,,,
,,,,,
,,,,,
,,,,,
,,,,,
,,,,,
,,,,,
,,,,,
,,,,,
,,,,,
,,,,,
,,,,,
,,,,,
,,,,,
,,,,,
,,,,,
,,,,,
,,,,,
,,,,,
,,,,,
,,,,,
,,,,,
,,,,,
,,,,,
,,,,,
,,,,,
,,,,,
,,,,,
,,,,,
,,,,,
,,,,,
,,,,,
,,,,,
,,,,,
,,,,,
,,,,,
,,,,,
,,,,,
,,,,,
,,,,,
,,,,,
,,,,,
,,,,,
,,,,,
,,,,,
,,,,,
,,,,,
,,,,,
,,,,,
,,,,,
,,,,,
,,,,,
,,,,,
,,,,,
,,,,,
,,,,,
,,,,,
,,,,,
,,,,,
,,,,,
,,,,,
,,,,,
,,,,,
,,,,,
,,,,,
,,,,,
,,,,,
,,,,,
,,,,,
,,,,,
,,,,,
,,,,,
,,,,,
,,,,,
,,,,,
,,,,,
,,,,,
,,,,,
,,,,,
,,,,,
,,,,,
,,,,,
,,,,,
,,,,,
,,,,,
,,,,,
,,,,,
,,,,,
,,,,,
,,,,,
,,,,,
,,,,,
,,,,,
,,,,,
,,,,,
,,,,,
,,,,,
,,,,,
,,,,,
,,,,,
,,,,,
,,,,,
,,,,,
,,,,,
,,,,,
,,,,,
,,,,,
,,,,,
,,,,,
,,,,,
,,,,,
,,,,,
,,,,,
,,,,,
,,,,,
,,,,,
,,,,,
,,,,,
,,,,,
,,,,,
,,,,,
,,,,,
,,,,,
,,,,,
,,,,,
,,,,,
,,,,,
,,,,,
,,,,,
,,,,,
,,,,,
,,,,,
,,,,,
,,,,,
,,,,,
,,,,,
,,,,,
,,,,,
,,,,,
,,,,,
,,,,,
,,,,,
,,,,,
,,,,,
,,,,,
,,,,,
,,,,,
,,,,,
,,,,,
,,,,,
,,,,,
,,,,,
,,,,,
,,,,,
,,,,,
,,,,,
,,,,,
,,,,,
,,,,,
,,,,,
,,,,,
,,,,,
,,,,,
,,,,,
,,,,,
,,,,,
,,,,,
,,,,,
,,,,,
,,,,,
,,,,,
,,,,,
,,,,,
,,,,,
,,,,,
,,,,,
,,,,,
,,,,,
,,,,,
,,,,,
,,,,,
,,,,,
,,,,,
,,,,,
,,,,,
,,,,,
,,,,,
,,,,,
,,,,,
,,,,,
,,,,,
,,,,,
,,,,,
,,,,,
,,,,,
,,,,,
,,,,,
,,,,,
,,,,,
,,,,,
,,,,,
,,,,,
,,,,,
,,,,,
,,,,,
,,,,,
,,,,,
,,,,,
,,,,,
,,,,,
,,,,,
,,,,,
,,,,,
,,,,,
,,,,,
,,,,,
,,,,,
,,,,,
,,,,,
,,,,,
,,,,,
,,,,,
,,,,,
,,,,,
,,,,,
,,,,,
,,,,,
,,,,,
,,,,,
,,,,,
,,,,,
,,,,,
,,,,,
,,,,,
,,,,,
,,,,,
,,,,,
,,,,,
,,,,,
,,,,,
,,,,,
,,,,,
,,,,,
,,,,,
,,,,,
,,,,,
,,,,,
,,,,,
,,,,,
,,,,,
,,,,,
,,,,,
,,,,,
,,,,,
,,,,,
,,,,,
,,,,,
,,,,,
,,,,,
,,,,,
,,,,,
,,,,,
,,,,,
,,,,,
,,,,,
,,,,,
,,,,,
,,,,,
,,,,,
,,,,,
,,,,,
,,,,,
,,,,,
,,,,,
,,,,,
,,,,,
,,,,,
,,,,,
,,,,,
,,,,,
,,,,,
,,,,,
,,,,,
,,,,,
,,,,,
,,,,,
,,,,,
,,,,,
,,,,,
,,,,,
,,,,,
,,,,,
,,,,,
,,,,,
,,,,,
,,,,,
,,,,,
,,,,,
,,,,,
,,,,,
,,,,,
,,,,,
,,,,,
,,,,,
,,,,,
,,,,,
,,,,,
,,,,,
,,,,,
,,,,,
,,,,,
,,,,,
,,,,,
,,,,,
,,,,,
,,,,,
,,,,,
,,,,,
,,,,,
,,,,,
,,,,,
,,,,,
,,,,,
,,,,,
,,,,,
,,,,,
,,,,,
,,,,,
,,,,,
,,,,,
,,,,,
,,,,,
,,,,,
,,,,,
,,,,,
,,,,,
,,,,,
,,,,,
,,,,,
,,,,,
,,,,,
,,,,,
,,,,,
,,,,,
,,,,,
,,,,,
,,,,,
,,,,,
,,,,,
,,,,,
,,,,,
,,,,,
,,,,,
,,,,,
,,,,,
,,,,,
,,,,,
,,,,,
,,,,,
,,,,,
,,,,,
,,,,,
,,,,,
,,,,,
,,,,,
,,,,,
,,,,,
,,,,,
,,,,,
,,,,,
,,,,,
,,,,,
,,,,,
,,,,,
,,,,,
,,,,,
,,,,,
,,,,,
,,,,,
,,,,,
,,,,,
,,,,,
,,,,,
,,,,,
,,,,,
,,,,,
,,,,,
,,,,,
,,,,,
,,,,,
,,,,,
,,,,,
,,,,,
,,,,,
,,,,,
,,,,,
,,,,,
,,,,,
,,,,,
,,,,,
,,,,,
,,,,,
,,,,,
,,,,,
,,,,,
,,,,,
,,,,,
,,,,,
,,,,,
,,,,,
,,,,,
,,,,,
,,,,,
,,,,,
,,,,,
,,,,,
,,,,,
,,,,,
,,,,,
,,,,,
,,,,,
,,,,,
,,,,,
,,,,,
,,,,,
,,,,,
,,,,,
,,,,,
,,,,,
,,,,,
,,,,,
,,,,,
,,,,,
,,,,,
,,,,,
,,,,,
,,,,,
,,,,,
,,,,,
,,,,,
,,,,,
,,,,,
,,,,,
,,,,,
,,,,,
,,,,,
,,,,,
,,,,,
,,,,,
,,,,,
,,,,,
,,,,,
,,,,,
,,,,,
,,,,,
,,,,,
,,,,,
,,,,,
,,,,,
,,,,,
,,,,,
,,,,,
,,,,,
,,,,,
,,,,,
,,,,,
,,,,,
,,,,,
,,,,,
,,,,,
,,,,,
,,,,,
,,,,,
,,,,,
,,,,,
,,,,,
,,,,,
,,,,,
,,,,,
,,,,,
,,,,,
,,,,,
,,,,,
,,,,,
,,,,,
,,,,,
,,,,,
,,,,,
,,,,,
,,,,,
,,,,,
,,,,,
,,,,,
,,,,,
,,,,,
,,,,,
,,,,,
,,,,,
,,,,,
,,,,,
,,,,,
,,,,,
,,,,,
,,,,,
,,,,,
,,,,,
,,,,,
,,,,,
,,,,,
,,,,,
,,,,,
,,,,,
,,,,,
,,,,,
,,,,,
,,,,,
,,,,,
,,,,,
,,,,,
,,,,,
,,,,,
,,,,,
,,,,,
,,,,,
,,,,,
,,,,,
,,,,,
,,,,,
,,,,,
,,,,,
,,,,,
,,,,,
,,,,,
,,,,,
,,,,,
,,,,,
,,,,,
,,,,,
,,,,,
,,,,,
,,,,,
,,,,,
,,,,,
,,,,,
,,,,,
,,,,,
,,,,,
,,,,,
,,,,,
,,,,,
,,,,,
,,,,,
,,,,,
,,,,,
,,,,,
,,,,,
,,,,,
,,,,,
,,,,,
,,,,,
,,,,,
,,,,,
,,,,,
,,,,,
,,,,,
,,,,,
,,,,,
,,,,,
,,,,,
,,,,,
,,,,,
,,,,,
,,,,,
,,,,,
,,,,,
,,,,,
,,,,,
,,,,,
,,,,,
,,,,,
,,,,,
,,,,,
,,,,,
,,,,,
,,,,,
,,,,,
,,,,,
,,,,,
,,,,,
,,,,,
,,,,,
,,,,,
,,,,,
,,,,,
,,,,,
,,,,,
,,,,,
,,,,,
,,,,,
,,,,,
,,,,,
,,,,,
,,,,,
,,,,,
,,,,,
,,,,,
,,,,,
,,,,,
,,,,,
,,,,,
,,,,,
,,,,,
,,,,,
,,,,,
,,,,,
,,,,,
,,,,,
,,,,,
,,,,,
,,,,,
,,,,,
,,,,,
,,,,,
,,,,,
,,,,,
,,,,,
,,,,,
,,,,,
,,,,,
,,,,,
,,,,,
,,,,,
,,,,,
,,,,,
,,,,,
,,,,,
,,,,,
,,,,,
,,,,,
,,,,,
,,,,,
,,,,,
,,,,,
,,,,,
,,,,,
,,,,,
,,,,,
,,,,,
,,,,,
,,,,,
,,,,,
,,,,,
,,,,,
,,,,,
,,,,,
,,,,,
,,,,,
,,,,,
,,,,,
,,,,,
,,,,,
,,,,,
,,,,,
,,,,,
,,,,,
,,,,,
,,,,,
,,,,,
,,,,,
,,,,,
,,,,,
,,,,,
,,,,,
,,,,,
,,,,,
,,,,,
,,,,,
,,,,,
,,,,,
,,,,,
,,,,,
,,,,,
,,,,,
,,,,,
,,,,,
,,,,,
,,,,,
,,,,,
,,,,,
,,,,,
,,,,,
,,,,,
,,,,,
,,,,,
,,,,,
,,,,,
,,,,,
,,,,,
,,,,,
,,,,,
,,,,,
,,,,,
,,,,,
,,,,,
,,,,,
,,,,,
,,,,,
,,,,,
,,,,,
,,,,,
,,,,,
,,,,,
,,,,,
,,,,,
,,,,,
,,,,,
,,,,,
,,,,,
,,,,,
,,,,,
,,,,,
,,,,,
,,,,,
,,,,,
,,,,,
,,,,,
,,,,,
,,,,,
,,,,,
,,,,,
,,,,,
,,,,,
,,,,,
,,,,,
,,,,,
,,,,,
,,,,,
,,,,,
,,,,,
,,,,,
,,,,,
,,,,,
,,,,,
,,,,,
,,,,,
,,,,,
,,,,,
,,,,,
,,,,,
,,,,,
,,,,,
,,,,,
,,,,,
,,,,,
,,,,,
,,,,,
,,,,,
,,,,,
,,,,,
,,,,,
,,,,,
,,,,,
,,,,,
,,,,,
,,,,,
,,,,,
,,,,,
,,,,,
,,,,,
,,,,,
,,,,,
,,,,,
,,,,,
,,,,,
,,,,,
,,,,,
,,,,,
,,,,,
,,,,,
,,,,,
,,,,,
,,,,,
,,,,,
,,,,,
,,,,,
,,,,,
,,,,,
,,,,,
,,,,,
,,,,,
,,,,,
,,,,,
,,,,,
,,,,,
,,,,,
,,,,,
,,,,,
,,,,,
,,,,,
,,,,,
,,,,,
,,,,,
,,,,,
,,,,,
,,,,,
,,,,,
,,,,,
,,,,,
,,,,,
,,,,,
,,,,,
,,,,,
,,,,,
,,,,,
,,,,,
,,,,,
,,,,,
,,,,,
,,,,,
,,,,,
,,,,,
,,,,,
,,,,,
,,,,,
,,,,,
,,,,,
,,,,,
,,,,,
,,,,,
,,,,,
,,,,,
,,,,,
,,,,,
,,,,,
,,,,,
,,,,,
,,,,,
,,,,,
,,,,,
,,,,,
,,,,,
,,,,,
,,,,,
,,,,,
,,,,,
,,,,,
,,,,,
,,,,,
,,,,,
,,,,,
,,,,,
,,,,,
,,,,,
,,,,,
,,,,,
,,,,,
,,,,,
,,,,,
,,,,,
,,,,,
,,,,,
,,,,,
,,,,,
,,,,,
,,,,,
,,,,,
,,,,,
,,,,,
,,,,,
,,,,,
,,,,,
,,,,,
,,,,,
,,,,,
,,,,,
,,,,,
,,,,,
,,,,,
,,,,,
,,,,,
,,,,,
,,,,,
,,,,,
,,,,,
,,,,,
,,,,,
,,,,,
,,,,,
,,,,,
,,,,,
,,,,,
,,,,,
,,,,,
,,,,,
,,,,,
,,,,,
,,,,,
,,,,,
,,,,,
,,,,,
,,,,,
,,,,,
,,,,,
,,,,,
,,,,,
,,,,,
,,,,,
,,,,,
,,,,,
,,,,,
,,,,,
,,,,,
,,,,,
,,,,,
,,,,,
,,,,,
,,,,,
,,,,,
,,,,,
,,,,,
,,,,,
,,,,,
,,,,,
,,,,,
,,,,,
,,,,,
,,,,,
,,,,,
,,,,,
,,,,,
,,,,,
,,,,,
,,,,,
,,,,,
,,,,,
,,,,,
,,,,,
,,,,,
,,,,,
,,,,,
,,,,,
,,,,,
,,,,,
,,,,,
,,,,,
,,,,,
,,,,,
,,,,,
,,,,,
,,,,,
,,,,,
,,,,,
,,,,,
,,,,,
,,,,,
,,,,,
,,,,,
,,,,,
,,,,,
,,,,,
,,,,,
,,,,,
,,,,,
,,,,,
,,,,,
,,,,,
,,,,,
,,,,,
,,,,,
,,,,,
,,,,,
,,,,,
,,,,,
,,,,,
,,,,,
,,,,,
,,,,,
,,,,,
,,,,,
,,,,,
,,,,,
,,,,,
,,,,,
,,,,,
,,,,,
,,,,,
,,,,,
,,,,,
,,,,,
,,,,,
,,,,,
,,,,,
,,,,,
,,,,,
,,,,,
,,,,,
,,,,,
,,,,,
,,,,,
,,,,,
,,,,,
,,,,,
,,,,,
,,,,,
,,,,,
,,,,,
,,,,,
,,,,,
,,,,,
,,,,,
,,,,,
,,,,,
,,,,,
,,,,,
,,,,,
,,,,,
,,,,,
,,,,,
,,,,,
,,,,,
,,,,,
,,,,,
,,,,,
,,,,,
,,,,,
,,,,,
,,,,,
,,,,,
,,,,,
,,,,,
,,,,,
,,,,,
,,,,,
,,,,,
,,,,,
,,,,,
,,,,,
,,,,,
,,,,,
,,,,,
,,,,,
,,,,,
,,,,,
,,,,,
,,,,,
,,,,,
,,,,,
,,,,,
,,,,,
,,,,,
,,,,,
,,,,,
,,,,,
,,,,,
,,,,,
,,,,,
,,,,,
,,,,,
,,,,,
,,,,,
,,,,,
,,,,,
,,,,,
,,,,,
,,,,,
,,,,,
,,,,,
,,,,,
,,,,,
,,,,,
,,,,,
,,,,,
,,,,,
,,,,,
,,,,,
,,,,,
,,,,,
,,,,,
,,,,,
,,,,,
,,,,,
,,,,,
,,,,,
,,,,,
,,,,,
,,,,,
,,,,,
,,,,,
,,,,,
,,,,,
,,,,,
,,,,,
,,,,,
,,,,,
,,,,,
,,,,,
,,,,,
,,,,,
,,,,,
,,,,,
,,,,,
,,,,,
,,,,,
,,,,,
,,,,,
,,,,,
,,,,,
,,,,,
,,,,,
,,,,,
,,,,,
,,,,,
,,,,,
,,,,,
,,,,,
,,,,,
,,,,,
,,,,,
,,,,,
,,,,,
,,,,,
,,,,,
,,,,,
,,,,,
,,,,,
,,,,,
,,,,,
,,,,,
,,,,,
,,,,,
,,,,,
,,,,,
,,,,,
,,,,,
,,,,,
,,,,,
,,,,,
,,,,,
,,,,,
,,,,,
,,,,,
,,,,,
,,,,,
,,,,,
,,,,,
,,,,,
,,,,,
,,,,,
,,,,,
,,,,,
,,,,,
,,,,,
,,,,,
,,,,,
,,,,,
,,,,,
,,,,,
,,,,,
,,,,,
,,,,,
,,,,,
,,,,,
,,,,,
,,,,,
,,,,,
,,,,,
,,,,,
,,,,,
,,,,,
,,,,,
,,,,,
,,,,,
,,,,,
,,,,,
,,,,,
,,,,,
,,,,,
,,,,,
,,,,,
,,,,,
,,,,,
,,,,,
,,,,,
,,,,,
,,,,,
,,,,,
,,,,,
,,,,,
,,,,,
,,,,,
,,,,,
,,,,,
,,,,,
,,,,,
,,,,,
,,,,,
,,,,,
,,,,,
,,,,,
,,,,,
,,,,,
,,,,,
,,,,,
,,,,,
,,,,,
,,,,,
,,,,,
,,,,,
,,,,,
,,,,,
,,,,,
,,,,,
,,,,,
,,,,,
,,,,,
,,,,,
,,,,,
,,,,,
,,,,,
,,,,,
,,,,,
,,,,,
,,,,,
,,,,,
,,,,,
,,,,,
,,,,,
,,,,,
,,,,,
,,,,,
,,,,,
,,,,,
,,,,,
,,,,,
,,,,,
,,,,,
,,,,,
,,,,,
,,,,,
,,,,,
,,,,,
,,,,,
,,,,,
,,,,,
,,,,,
,,,,,
,,,,,
,,,,,
,,,,,
,,,,,
,,,,,
,,,,,
,,,,,
,,,,,
,,,,,
,,,,,
,,,,,
,,,,,
,,,,,
,,,,,
,,,,,
,,,,,
,,,,,
,,,,,
,,,,,
,,,,,
,,,,,
,,,,,
,,,,,
,,,,,
,,,,,
,,,,,
,,,,,
,,,,,
,,,,,
,,,,,
,,,,,
,,,,,
,,,,,
,,,,,
,,,,,
,,,,,
,,,,,
,,,,,
,,,,,
,,,,,
,,,,,
,,,,,
,,,,,
,,,,,
,,,,,
,,,,,
,,,,,
,,,,,
,,,,,
,,,,,
,,,,,
,,,,,
,,,,,
,,,,,
,,,,,
,,,,,
,,,,,
,,,,,
,,,,,
,,,,,
,,,,,
,,,,,
,,,,,
,,,,,
,,,,,
,,,,,
,,,,,
,,,,,
,,,,,
,,,,,
,,,,,
,,,,,
,,,,,
,,,,,
,,,,,
,,,,,
,,,,,
,,,,,
,,,,,
,,,,,
,,,,,
,,,,,
,,,,,
,,,,,
,,,,,
,,,,,
,,,,,
,,,,,
,,,,,
,,,,,
,,,,,
,,,,,
,,,,,
,,,,,
,,,,,
,,,,,
,,,,,
,,,,,
,,,,,
,,,,,
,,,,,
,,,,,
,,,,,
,,,,,
,,,,,
,,,,,
,,,,,
,,,,,
,,,,,
,,,,,
,,,,,
,,,,,
,,,,,
,,,,,
,,,,,
,,,,,
,,,,,
,,,,,
,,,,,
,,,,,
,,,,,
,,,,,
,,,,,
,,,,,
,,,,,
,,,,,
,,,,,
,,,,,
,,,,,
,,,,,
,,,,,
,,,,,
,,,,,
,,,,,
,,,,,
,,,,,
,,,,,
,,,,,
,,,,,
,,,,,
,,,,,
,,,,,
,,,,,
,,,,,
,,,,,
,,,,,
,,,,,
,,,,,
,,,,,
,,,,,
,,,,,
,,,,,
,,,,,
,,,,,
,,,,,
,,,,,
,,,,,
,,,,,
,,,,,
,,,,,
,,,,,
,,,,,
,,,,,
,,,,,
,,,,,
,,,,,
,,,,,
,,,,,
,,,,,
,,,,,
,,,,,
,,,,,
,,,,,
,,,,,
,,,,,
,,,,,
,,,,,
,,,,,
,,,,,
,,,,,
,,,,,
,,,,,
,,,,,
,,,,,
,,,,,
,,,,,
,,,,,
,,,,,
,,,,,
,,,,,
,,,,,
,,,,,
,,,,,
,,,,,
,,,,,
,,,,,
,,,,,
,,,,,
,,,,,
,,,,,
,,,,,
,,,,,
,,,,,
,,,,,
,,,,,
,,,,,
,,,,,
,,,,,
,,,,,
,,,,,
,,,,,
,,,,,
,,,,,
,,,,,
,,,,,
,,,,,
,,,,,
,,,,,
,,,,,
,,,,,
,,,,,
,,,,,
,,,,,
,,,,,
,,,,,
,,,,,
,,,,,
,,,,,
,,,,,
,,,,,
,,,,,
,,,,,
,,,,,
,,,,,
,,,,,
,,,,,
,,,,,
,,,,,
,,,,,
,,,,,
,,,,,
,,,,,
,,,,,
,,,,,
,,,,,
,,,,,
,,,,,
,,,,,
,,,,,
,,,,,
,,,,,
,,,,,
,,,,,
,,,,,
,,,,,
,,,,,
,,,,,
,,,,,
,,,,,
,,,,,
,,,,,
,,,,,
,,,,,
,,,,,
,,,,,
,,,,,
,,,,,
,,,,,
,,,,,
,,,,,
,,,,,
,,,,,
,,,,,
,,,,,
,,,,,
,,,,,
,,,,,
,,,,,
,,,,,
,,,,,
,,,,,
,,,,,
,,,,,
,,,,,
,,,,,
,,,,,
,,,,,
,,,,,
,,,,,
,,,,,
,,,,,
,,,,,
,,,,,
,,,,,
,,,,,
,,,,,
,,,,,
,,,,,
,,,,,
,,,,,
,,,,,
,,,,,
,,,,,
,,,,,
,,,,,
,,,,,
,,,,,
,,,,,
,,,,,
,,,,,
,,,,,
,,,,,
,,,,,
,,,,,
,,,,,
,,,,,
,,,,,
,,,,,
,,,,,
,,,,,
,,,,,
,,,,,
,,,,,
,,,,,
,,,,,
,,,,,
,,,,,
,,,,,
,,,,,
,,,,,
,,,,,
,,,,,
,,,,,
,,,,,
,,,,,
,,,,,
,,,,,
,,,,,
,,,,,
,,,,,
,,,,,
,,,,,
,,,,,
,,,,,
,,,,,
,,,,,
,,,,,
,,,,,
,,,,,
,,,,,
,,,,,
,,,,,
,,,,,
,,,,,
,,,,,
,,,,,
,,,,,
,,,,,
,,,,,
,,,,,
,,,,,
,,,,,
,,,,,
,,,,,
,,,,,
,,,,,
,,,,,
,,,,,
,,,,,
,,,,,
,,,,,
,,,,,
,,,,,
,,,,,
,,,,,
,,,,,
,,,,,
,,,,,
,,,,,
,,,,,
,,,,,
,,,,,
,,,,,
,,,,,
,,,,,
,,,,,
,,,,,
,,,,,
,,,,,
,,,,,
,,,,,
,,,,,
,,,,,
,,,,,
,,,,,
,,,,,
,,,,,
,,,,,
,,,,,
,,,,,
,,,,,
,,,,,
,,,,,
,,,,,
,,,,,
,,,,,
,,,,,
,,,,,
,,,,,
,,,,,
,,,,,
,,,,,
,,,,,
,,,,,
,,,,,
,,,,,
,,,,,
,,,,,
,,,,,
,,,,,
,,,,,
,,,,,
,,,,,
,,,,,
,,,,,
,,,,,
,,,,,
,,,,,
,,,,,
,,,,,
,,,,,
,,,,,
,,,,,
,,,,,
,,,,,
,,,,,
,,,,,
,,,,,
,,,,,
,,,,,
,,,,,
,,,,,
,,,,,
,,,,,
,,,,,
,,,,,
,,,,,
,,,,,
,,,,,
,,,,,
,,,,,
,,,,,
,,,,,
,,,,,
,,,,,
,,,,,
,,,,,
,,,,,
,,,,,
,,,,,
,,,,,
,,,,,
,,,,,
,,,,,
,,,,,
,,,,,
,,,,,
,,,,,
,,,,,
,,,,,
,,,,,
,,,,,
,,,,,
,,,,,
,,,,,
,,,,,
,,,,,
,,,,,
,,,,,
,,,,,
,,,,,
,,,,,
,,,,,
,,,,,
,,,,,
,,,,,
,,,,,
,,,,,
,,,,,
,,,,,
,,,,,
,,,,,
,,,,,
,,,,,
,,,,,
,,,,,
,,,,,
,,,,,
,,,,,
,,,,,
,,,,,
,,,,,
,,,,,
,,,,,
,,,,,
,,,,,
,,,,,
,,,,,
,,,,,
,,,,,
,,,,,
,,,,,
,,,,,
,,,,,
,,,,,
,,,,,
,,,,,
,,,,,
,,,,,
,,,,,
,,,,,
,,,,,
,,,,,
,,,,,
,,,,,
,,,,,
,,,,,
,,,,,
,,,,,
,,,,,
,,,,,
,,,,,
,,,,,
,,,,,
,,,,,
,,,,,
,,,,,
,,,,,
,,,,,
,,,,,
,,,,,
,,,,,
,,,,,
,,,,,
,,,,,
,,,,,
,,,,,
,,,,,
,,,,,
,,,,,
,,,,,
,,,,,
,,,,,
,,,,,
,,,,,
,,,,,
,,,,,
,,,,,
,,,,,
,,,,,
,,,,,
,,,,,
,,,,,
,,,,,
,,,,,
,,,,,
,,,,,
,,,,,
,,,,,
,,,,,
,,,,,
,,,,,
,,,,,
,,,,,
,,,,,
,,,,,
,,,,,
,,,,,
,,,,,
,,,,,
,,,,,
,,,,,
,,,,,
,,,,,
,,,,,
,,,,,
,,,,,
,,,,,
,,,,,
,,,,,
,,,,,
,,,,,
,,,,,
,,,,,
,,,,,
,,,,,
,,,,,
,,,,,
,,,,,
,,,,,
,,,,,
,,,,,
,,,,,
,,,,,
,,,,,
,,,,,
,,,,,
,,,,,
,,,,,
,,,,,
,,,,,
,,,,,
,,,,,
,,,,,
,,,,,
,,,,,
,,,,,
,,,,,
,,,,,
,,,,,
,,,,,
,,,,,
,,,,,
,,,,,
,,,,,
,,,,,
,,,,,
,,,,,
,,,,,
,,,,,
,,,,,
,,,,,
,,,,,
,,,,,
,,,,,
,,,,,
,,,,,
,,,,,
,,,,,
,,,,,
,,,,,
,,,,,
,,,,,
,,,,,
,,,,,
,,,,,
,,,,,
,,,,,
,,,,,
,,,,,
,,,,,
,,,,,
,,,,,
,,,,,
,,,,,
,,,,,
,,,,,
,,,,,
,,,,,
,,,,,
,,,,,
,,,,,
,,,,,
,,,,,
,,,,,
,,,,,
,,,,,
,,,,,
,,,,,
,,,,,
,,,,,
,,,,,
,,,,,
,,,,,
,,,,,
,,,,,
,,,,,
,,,,,
,,,,,
,,,,,
,,,,,
,,,,,
,,,,,
,,,,,
,,,,,
,,,,,
,,,,,
,,,,,
,,,,,
,,,,,
,,,,,
,,,,,
,,,,,
,,,,,
,,,,,
,,,,,
,,,,,
,,,,,
,,,,,
,,,,,
,,,,,
,,,,,
,,,,,
,,,,,
,,,,,
,,,,,
,,,,,
,,,,,
,,,,,
,,,,,
,,,,,
,,,,,
,,,,,
,,,,,
,,,,,
,,,,,
,,,,,
,,,,,
,,,,,
,,,,,
,,,,,
,,,,,
,,,,,
,,,,,
,,,,,
,,,,,
,,,,,
,,,,,
,,,,,
,,,,,
,,,,,
,,,,,
,,,,,
,,,,,
,,,,,
,,,,,
,,,,,
,,,,,
,,,,,
,,,,,
,,,,,
,,,,,
,,,,,
,,,,,
,,,,,
,,,,,
,,,,,
,,,,,
,,,,,
,,,,,
,,,,,
,,,,,
,,,,,
,,,,,
,,,,,
,,,,,
,,,,,
,,,,,
,,,,,
,,,,,
,,,,,
,,,,,
,,,,,
,,,,,
,,,,,
,,,,,
,,,,,
,,,,,
,,,,,
,,,,,
,,,,,
,,,,,
,,,,,
,,,,,
,,,,,
,,,,,
,,,,,
,,,,,
,,,,,
,,,,,
,,,,,
,,,,,
,,,,,
,,,,,
,,,,,
,,,,,
,,,,,
,,,,,
,,,,,
,,,,,
,,,,,
,,,,,
,,,,,
,,,,,
,,,,,
,,,,,
,,,,,
,,,,,
,,,,,
,,,,,
,,,,,
,,,,,
,,,,,
,,,,,
,,,,,
,,,,,
,,,,,
,,,,,
,,,,,
,,,,,
,,,,,
,,,,,
,,,,,
,,,,,
,,,,,
,,,,,
,,,,,
,,,,,
,,,,,
,,,,,
,,,,,
,,,,,
,,,,,
,,,,,
,,,,,
,,,,,
,,,,,
,,,,,
,,,,,
,,,,,
,,,,,
,,,,,
,,,,,
,,,,,
,,,,,
,,,,,
,,,,,
,,,,,
,,,,,
,,,,,
,,,,,
,,,,,
,,,,,
,,,,,
,,,,,
,,,,,
,,,,,
,,,,,
,,,,,
,,,,,
,,,,,
,,,,,
,,,,,
,,,,,
,,,,,
,,,,,
,,,,,
,,,,,
,,,,,
,,,,,
,,,,,
,,,,,
,,,,,
,,,,,
,,,,,
,,,,,
,,,,,
,,,,,
,,,,,
,,,,,
,,,,,
,,,,,
,,,,,
,,,,,
,,,,,
,,,,,
,,,,,
,,,,,
,,,,,
,,,,,
,,,,,
,,,,,
,,,,,
,,,,,
,,,,,
,,,,,
,,,,,
,,,,,
,,,,,
,,,,,
,,,,,
,,,,,
,,,,,
,,,,,
,,,,,
,,,,,
,,,,,
,,,,,
,,,,,
,,,,,
,,,,,
,,,,,
,,,,,
,,,,,
,,,,,
,,,,,
,,,,,
,,,,,
,,,,,
,,,,,
,,,,,
,,,,,
,,,,,
,,,,,
,,,,,
,,,,,
,,,,,
,,,,,
,,,,,
,,,,,
,,,,,
,,,,,
,,,,,
,,,,,
,,,,,
,,,,,
,,,,,
,,,,,
,,,,,
,,,,,
,,,,,
,,,,,
,,,,,
,,,,,
,,,,,
,,,,,
,,,,,
,,,,,
,,,,,
,,,,,
,,,,,
,,,,,
,,,,,
,,,,,
,,,,,
,,,,,
,,,,,
,,,,,
,,,,,
,,,,,
,,,,,
,,,,,
,,,,,
,,,,,
,,,,,
,,,,,
,,,,,
,,,,,
,,,,,
,,,,,
,,,,,
,,,,,
,,,,,
,,,,,
,,,,,
,,,,,
,,,,,
,,,,,
,,,,,
,,,,,
,,,,,
,,,,,
,,,,,
,,,,,
,,,,,
,,,,,
,,,,,
,,,,,
,,,,,
,,,,,
,,,,,
,,,,,
,,,,,
,,,,,
,,,,,
,,,,,
,,,,,
,,,,,
,,,,,
,,,,,
,,,,,
,,,,,
,,,,,
,,,,,
,,,,,
,,,,,
,,,,,
,,,,,
,,,,,
,,,,,
,,,,,
,,,,,
,,,,,
,,,,,
,,,,,
,,,,,
,,,,,
,,,,,
,,,,,
,,,,,
,,,,,
,,,,,
,,,,,
,,,,,
,,,,,
,,,,,
,,,,,
,,,,,
,,,,,
,,,,,
,,,,,
,,,,,
,,,,,
,,,,,
,,,,,
,,,,,
,,,,,
,,,,,
,,,,,
,,,,,
,,,,,
,,,,,
,,,,,
,,,,,
,,,,,
,,,,,
,,,,,
,,,,,
,,,,,
,,,,,
,,,,,
,,,,,
,,,,,
,,,,,
,,,,,
,,,,,
,,,,,
,,,,,
,,,,,
,,,,,
,,,,,
,,,,,
,,,,,
,,,,,
,,,,,
,,,,,
,,,,,
,,,,,
,,,,,
,,,,,
,,,,,
,,,,,
,,,,,
,,,,,
,,,,,
,,,,,
,,,,,
,,,,,
,,,,,
,,,,,
,,,,,
,,,,,
,,,,,
,,,,,
,,,,,
,,,,,
,,,,,
,,,,,
,,,,,
,,,,,
,,,,,
,,,,,
,,,,,
,,,,,
,,,,,
,,,,,
,,,,,
,,,,,
,,,,,
,,,,,
,,,,,
,,,,,
,,,,,
,,,,,
,,,,,
,,,,,
,,,,,
,,,,,
,,,,,
,,,,,
,,,,,
,,,,,
,,,,,
,,,,,
,,,,,
,,,,,
,,,,,
,,,,,
,,,,,
,,,,,
,,,,,
,,,,,
,,,,,
,,,,,
,,,,,
,,,,,
,,,,,
,,,,,
,,,,,
,,,,,
,,,,,
,,,,,
,,,,,
,,,,,
,,,,,
,,,,,
,,,,,
,,,,,
,,,,,
,,,,,
,,,,,
,,,,,
,,,,,
,,,,,
,,,,,
,,,,,
,,,,,
,,,,,
,,,,,
,,,,,
,,,,,
,,,,,
,,,,,
,,,,,
,,,,,
,,,,,
,,,,,
,,,,,
,,,,,
,,,,,
,,,,,
,,,,,
,,,,,
,,,,,
,,,,,
,,,,,
,,,,,
,,,,,
,,,,,
,,,,,
,,,,,
,,,,,
,,,,,
,,,,,
,,,,,
,,,,,
,,,,,
,,,,,
,,,,,
,,,,,
,,,,,
,,,,,
,,,,,
,,,,,
,,,,,
,,,,,
,,,,,
,,,,,
,,,,,
,,,,,
,,,,,
,,,,,
,,,,,
,,,,,
,,,,,
,,,,,
,,,,,
,,,,,
,,,,,
,,,,,
,,,,,
,,,,,
,,,,,
,,,,,
,,,,,
,,,,,
,,,,,
,,,,,
,,,,,
,,,,,
,,,,,
,,,,,
,,,,,
,,,,,
,,,,,
,,,,,
,,,,,
,,,,,
,,,,,
,,,,,
,,,,,
,,,,,
,,,,,
,,,,,
,,,,,
,,,,,
,,,,,
,,,,,
,,,,,
,,,,,
,,,,,
,,,,,
,,,,,
,,,,,
,,,,,
,,,,,
,,,,,
,,,,,
,,,,,
,,,,,
,,,,,
,,,,,
,,,,,
,,,,,
,,,,,
,,,,,
,,,,,
,,,,,
,,,,,
,,,,,
,,,,,
,,,,,
,,,,,
,,,,,
,,,,,
,,,,,
,,,,,
,,,,,
,,,,,
,,,,,
,,,,,
,,,,,
,,,,,
,,,,,
,,,,,
,,,,,
,,,,,
,,,,,
,,,,,
,,,,,
,,,,,
,,,,,
,,,,,
,,,,,
,,,,,
,,,,,
,,,,,
,,,,,
,,,,,
,,,,,
,,,,,
,,,,,
,,,,,
,,,,,
,,,,,
,,,,,
,,,,,
,,,,,
,,,,,
,,,,,
,,,,,
,,,,,
,,,,,
,,,,,
,,,,,
,,,,,
,,,,,
,,,,,
,,,,,
,,,,,
,,,,,
,,,,,
,,,,,
,,,,,
,,,,,
,,,,,
,,,,,
,,,,,
,,,,,
,,,,,
,,,,,
,,,,,
,,,,,
,,,,,
,,,,,
,,,,,
,,,,,
,,,,,
,,,,,
,,,,,
,,,,,
,,,,,
,,,,,
,,,,,
,,,,,
,,,,,
,,,,,
,,,,,
,,,,,
,,,,,
,,,,,
,,,,,
,,,,,
,,,,,
,,,,,
,,,,,
,,,,,
,,,,,
,,,,,
,,,,,
,,,,,
,,,,,
,,,,,
,,,,,
,,,,,
,,,,,
,,,,,
,,,,,
,,,,,
,,,,,
,,,,,
,,,,,
,,,,,
,,,,,
,,,,,
,,,,,
,,,,,
,,,,,
,,,,,
,,,,,
,,,,,
,,,,,
,,,,,
,,,,,
,,,,,
,,,,,
,,,,,
,,,,,
,,,,,
,,,,,
,,,,,
,,,,,
,,,,,
,,,,,
,,,,,
,,,,,
,,,,,
,,,,,
,,,,,
,,,,,
,,,,,
,,,,,
,,,,,
,,,,,
,,,,,
,,,,,
,,,,,
,,,,,
,,,,,
,,,,,
,,,,,
,,,,,
,,,,,
,,,,,
,,,,,
,,,,,
,,,,,
,,,,,
,,,,,
,,,,,
,,,,,
,,,,,
,,,,,
,,,,,
,,,,,
,,,,,
,,,,,
,,,,,
,,,,,
,,,,,
,,,,,
,,,,,
,,,,,
,,,,,
,,,,,
,,,,,
,,,,,
,,,,,
,,,,,
,,,,,
,,,,,
,,,,,
,,,,,
,,,,,
,,,,,
,,,,,
,,,,,
,,,,,
,,,,,
,,,,,
,,,,,
,,,,,
,,,,,
,,,,,
,,,,,
,,,,,
,,,,,
,,,,,
,,,,,
,,,,,
,,,,,
,,,,,
,,,,,
,,,,,
,,,,,
,,,,,
,,,,,
,,,,,
,,,,,
,,,,,
,,,,,
,,,,,
,,,,,
,,,,,
,,,,,
,,,,,
,,,,,
,,,,,
,,,,,
,,,,,
,,,,,
,,,,,
,,,,,
,,,,,
,,,,,
,,,,,
,,,,,
,,,,,
,,,,,
,,,,,
,,,,,
,,,,,
,,,,,
,,,,,
,,,,,
,,,,,
,,,,,
,,,,,
,,,,,
,,,,,
,,,,,
,,,,,
,,,,,
,,,,,
,,,,,
,,,,,
,,,,,
,,,,,
,,,,,
,,,,,
,,,,,
,,,,,
,,,,,
,,,,,
,,,,,
,,,,,
,,,,,
,,,,,
,,,,,
,,,,,
,,,,,
,,,,,
,,,,,
,,,,,
,,,,,
,,,,,
,,,,,
,,,,,
,,,,,
,,,,,
,,,,,
,,,,,
,,,,,
,,,,,
,,,,,
,,,,,
,,,,,
,,,,,
,,,,,
,,,,,
,,,,,
,,,,,
,,,,,
,,,,,
,,,,,
,,,,,
,,,,,
,,,,,
,,,,,
,,,,,
,,,,,
,,,,,
,,,,,
,,,,,
,,,,,
,,,,,
,,,,,
,,,,,
,,,,,
,,,,,
,,,,,
,,,,,
,,,,,
,,,,,
,,,,,
,,,,,
,,,,,
,,,,,
,,,,,
,,,,,
,,,,,
,,,,,
,,,,,
,,,,,
,,,,,
,,,,,
,,,,,
,,,,,
,,,,,
,,,,,
,,,,,
,,,,,
,,,,,
,,,,,
,,,,,
,,,,,
,,,,,
,,,,,
,,,,,
,,,,,
,,,,,
,,,,,
,,,,,
,,,,,
,,,,,
,,,,,
,,,,,
,,,,,
,,,,,
,,,,,
,,,,,
,,,,,
,,,,,
,,,,,
,,,,,
,,,,,
,,,,,
,,,,,
,,,,,
,,,,,
,,,,,
,,,,,
,,,,,
,,,,,
,,,,,
,,,,,
,,,,,
,,,,,
,,,,,
,,,,,
,,,,,
,,,,,
,,,,,
,,,,,
,,,,,
,,,,,
,,,,,
,,,,,
,,,,,
,,,,,
,,,,,
,,,,,
,,,,,
,,,,,
,,,,,
,,,,,
,,,,,
,,,,,
,,,,,
,,,,,
,,,,,
,,,,,
,,,,,
,,,,,
,,,,,
,,,,,
,,,,,
,,,,,
,,,,,
,,,,,
,,,,,
,,,,,
,,,,,
,,,,,
,,,,,
,,,,,
,,,,,
,,,,,
,,,,,
,,,,,
,,,,,
,,,,,
,,,,,
,,,,,
,,,,,
,,,,,
,,,,,
,,,,,
,,,,,
,,,,,
,,,,,
,,,,,
,,,,,
,,,,,
,,,,,
,,,,,
,,,,,
,,,,,
,,,,,
,,,,,
,,,,,
,,,,,
,,,,,
,,,,,
,,,,,
,,,,,
,,,,,
,,,,,
,,,,,
,,,,,
,,,,,
,,,,,
,,,,,
,,,,,
,,,,,
,,,,,
,,,,,
,,,,,
,,,,,
,,,,,
,,,,,
,,,,,
,,,,,
,,,,,
,,,,,
,,,,,
,,,,,
,,,,,
,,,,,
,,,,,
,,,,,
,,,,,
,,,,,
,,,,,
,,,,,
,,,,,
,,,,,
,,,,,
,,,,,
,,,,,
,,,,,
,,,,,
,,,,,
,,,,,
,,,,,
,,,,,
,,,,,
,,,,,
,,,,,
,,,,,
,,,,,
,,,,,
,,,,,
,,,,,
,,,,,
,,,,,
,,,,,
,,,,,
,,,,,
,,,,,
,,,,,
,,,,,
,,,,,
,,,,,
,,,,,
,,,,,
,,,,,
,,,,,
,,,,,
,,,,,
,,,,,
,,,,,
,,,,,
,,,,,
,,,,,
,,,,,
,,,,,
,,,,,
,,,,,
,,,,,
,,,,,
,,,,,
,,,,,
,,,,,
,,,,,
,,,,,
,,,,,
,,,,,
,,,,,
,,,,,
,,,,,
,,,,,
,,,,,
,,,,,
,,,,,
,,,,,
,,,,,
,,,,,
,,,,,
,,,,,
,,,,,
,,,,,
,,,,,
,,,,,
,,,,,
,,,,,
,,,,,
,,,,,
,,,,,
,,,,,
,,,,,
,,,,,
,,,,,
,,,,,
,,,,,
,,,,,
,,,,,
,,,,,
,,,,,
,,,,,
,,,,,
,,,,,
,,,,,
,,,,,
,,,,,
,,,,,
,,,,,
,,,,,
,,,,,
,,,,,
,,,,,
,,,,,
,,,,,
,,,,,
,,,,,
,,,,,
,,,,,
,,,,,
,,,,,
,,,,,
,,,,,
,,,,,
,,,,,
,,,,,
,,,,,
,,,,,
,,,,,
,,,,,
,,,,,
,,,,,
,,,,,
,,,,,
,,,,,
,,,,,
,,,,,
,,,,,
,,,,,
,,,,,
,,,,,
,,,,,
,,,,,
,,,,,
,,,,,
,,,,,
,,,,,
,,,,,
,,,,,
,,,,,
,,,,,
,,,,,
,,,,,
,,,,,
,,,,,
,,,,,
,,,,,
,,,,,
,,,,,
,,,,,
,,,,,
,,,,,
,,,,,
,,,,,
,,,,,
,,,,,
,,,,,
,,,,,
,,,,,
,,,,,
,,,,,
,,,,,
,,,,,
,,,,,
,,,,,
,,,,,
,,,,,
,,,,,
,,,,,
,,,,,
,,,,,
,,,,,
,,,,,
,,,,,
,,,,,
,,,,,
,,,,,
,,,,,
,,,,,
,,,,,
,,,,,
,,,,,
,,,,,
,,,,,
,,,,,
,,,,,
,,,,,
,,,,,
,,,,,
,,,,,
,,,,,
,,,,,
,,,,,
,,,,,
,,,,,
,,,,,
,,,,,
,,,,,
,,,,,
,,,,,
,,,,,
,,,,,
,,,,,
,,,,,
,,,,,
,,,,,
,,,,,
,,,,,
,,,,,
,,,,,
,,,,,
,,,,,
,,,,,
,,,,,
,,,,,
,,,,,
,,,,,
,,,,,
,,,,,
,,,,,
,,,,,
,,,,,
,,,,,
,,,,,
,,,,,
,,,,,
,,,,,
,,,,,
,,,,,
,,,,,
,,,,,
,,,,,
,,,,,
,,,,,
,,,,,
,,,,,
,,,,,
,,,,,
,,,,,
,,,,,
,,,,,
,,,,,
,,,,,
,,,,,
,,,,,
,,,,,
,,,,,
,,,,,
,,,,,
,,,,,
,,,,,
,,,,,
,,,,,
,,,,,
,,,,,
,,,,,
,,,,,
,,,,,
,,,,,
,,,,,
,,,,,
,,,,,
,,,,,
,,,,,
,,,,,
,,,,,
,,,,,
,,,,,
,,,,,
,,,,,
,,,,,
,,,,,
,,,,,
,,,,,
,,,,,
,,,,,
,,,,,
,,,,,
,,,,,
,,,,,
,,,,,
,,,,,
,,,,,
,,,,,
,,,,,
,,,,,
,,,,,
,,,,,
,,,,,
,,,,,
,,,,,
,,,,,
,,,,,
,,,,,
,,,,,
,,,,,
,,,,,
,,,,,
,,,,,
,,,,,
,,,,,
,,,,,
,,,,,
,,,,,
,,,,,
,,,,,
,,,,,
,,,,,
,,,,,
,,,,,
,,,,,
,,,,,
,,,,,
,,,,,
,,,,,
,,,,,
,,,,,
,,,,,
,,,,,
,,,,,
,,,,,
,,,,,
,,,,,
,,,,,
,,,,,
,,,,,
,,,,,
,,,,,
,,,,,
,,,,,
,,,,,
,,,,,
,,,,,
,,,,,
,,,,,
,,,,,
,,,,,
,,,,,
,,,,,
,,,,,
,,,,,
,,,,,
,,,,,
,,,,,
,,,,,
,,,,,
,,,,,
,,,,,
,,,,,
,,,,,
,,,,,
,,,,,
,,,,,
,,,,,
,,,,,
,,,,,
,,,,,
,,,,,
,,,,,
,,,,,
,,,,,
,,,,,
,,,,,
,,,,,
,,,,,
,,,,,
,,,,,
,,,,,
,,,,,
,,,,,
,,,,,
,,,,,
,,,,,
,,,,,
,,,,,
,,,,,
,,,,,
,,,,,
,,,,,
,,,,,
,,,,,
,,,,,
,,,,,
,,,,,
,,,,,
,,,,,
,,,,,
,,,,,
,,,,,
,,,,,
,,,,,
,,,,,
,,,,,
,,,,,
,,,,,
,,,,,
,,,,,
,,,,,
,,,,,
,,,,,
,,,,,
,,,,,
,,,,,
,,,,,
,,,,,
,,,,,
,,,,,
,,,,,
,,,,,
,,,,,
,,,,,
,,,,,
,,,,,
,,,,,
,,,,,
,,,,,
,,,,,
,,,,,
,,,,,
,,,,,
,,,,,
,,,,,
,,,,,
,,,,,
,,,,,
,,,,,
,,,,,
,,,,,
,,,,,
,,,,,
,,,,,
,,,,,
,,,,,
,,,,,
,,,,,
,,,,,
,,,,,
,,,,,
,,,,,
,,,,,
,,,,,
,,,,,
,,,,,
,,,,,
,,,,,
,,,,,
,,,,,
,,,,,
,,,,,
,,,,,
,,,,,
,,,,,
,,,,,
,,,,,
,,,,,
,,,,,
,,,,,
,,,,,
,,,,,
,,,,,
,,,,,
,,,,,
,,,,,
,,,,,
,,,,,
,,,,,
,,,,,
,,,,,
,,,,,
,,,,,
,,,,,
,,,,,
,,,,,
,,,,,
,,,,,
,,,,,
,,,,,
,,,,,
,,,,,
,,,,,
,,,,,
,,,,,
,,,,,
,,,,,
,,,,,
,,,,,
,,,,,
,,,,,
,,,,,
,,,,,
,,,,,
,,,,,
,,,,,
,,,,,
,,,,,
,,,,,
,,,,,
,,,,,
,,,,,
,,,,,
,,,,,
,,,,,
,,,,,
,,,,,
,,,,,
,,,,,
,,,,,
,,,,,
,,,,,
,,,,,
,,,,,
,,,,,
,,,,,
,,,,,
,,,,,
,,,,,
,,,,,
,,,,,
,,,,,
,,,,,
,,,,,
,,,,,
,,,,,
,,,,,
,,,,,
,,,,,
,,,,,
,,,,,
,,,,,
,,,,,
,,,,,
,,,,,
,,,,,
,,,,,
,,,,,
,,,,,
,,,,,
,,,,,
,,,,,
,,,,,
,,,,,
,,,,,
,,,,,
,,,,,
,,,,,
,,,,,
,,,,,
,,,,,
,,,,,
,,,,,
,,,,,
,,,,,
,,,,,
,,,,,
,,,,,
,,,,,
,,,,,
,,,,,
,,,,,
,,,,,
,,,,,
,,,,,
,,,,,
,,,,,
,,,,,
,,,,,
,,,,,
,,,,,
,,,,,
,,,,,
,,,,,
,,,,,
,,,,,
,,,,,
,,,,,
,,,,,
,,,,,
,,,,,
,,,,,
,,,,,
,,,,,
,,,,,
,,,,,
,,,,,
,,,,,
,,,,,
,,,,,
,,,,,
,,,,,
,,,,,
,,,,,
,,,,,
,,,,,
,,,,,
,,,,,
,,,,,
,,,,,
,,,,,
,,,,,
,,,,,
,,,,,
,,,,,
,,,,,
,,,,,
,,,,,
,,,,,
,,,,,
,,,,,
,,,,,
,,,,,
,,,,,
,,,,,
,,,,,
,,,,,
,,,,,
,,,,,
,,,,,
,,,,,
,,,,,
,,,,,
,,,,,
,,,,,
,,,,,
,,,,,
,,,,,
,,,,,
,,,,,
,,,,,
,,,,,
,,,,,
,,,,,
,,,,,
,,,,,
,,,,,
,,,,,
,,,,,
,,,,,
,,,,,
,,,,,
,,,,,
,,,,,
,,,,,
,,,,,
,,,,,
,,,,,
,,,,,
,,,,,
,,,,,
,,,,,
,,,,,
,,,,,
,,,,,
,,,,,
,,,,,
,,,,,
,,,,,
,,,,,
,,,,,
,,,,,
,,,,,
,,,,,
,,,,,
,,,,,
,,,,,
,,,,,
,,,,,
,,,,,
,,,,,
,,,,,
,,,,,
,,,,,
,,,,,
,,,,,
,,,,,
,,,,,
,,,,,
,,,,,
,,,,,
,,,,,
,,,,,
,,,,,
,,,,,
,,,,,
,,,,,
,,,,,
,,,,,
,,,,,
,,,,,
,,,,,
,,,,,
,,,,,
,,,,,
,,,,,
,,,,,
,,,,,
,,,,,
,,,,,
,,,,,
,,,,,
,,,,,
,,,,,
,,,,,
,,,,,
,,,,,
,,,,,
,,,,,
,,,,,
,,,,,
,,,,,
,,,,,
,,,,,
,,,,,
,,,,,
,,,,,
,,,,,
,,,,,
,,,,,
,,,,,
,,,,,
,,,,,
,,,,,
,,,,,
,,,,,
,,,,,
,,,,,
,,,,,
,,,,,
,,,,,
,,,,,
,,,,,
,,,,,
,,,,,
,,,,,
,,,,,
,,,,,
,,,,,
,,,,,
,,,,,
,,,,,
,,,,,
,,,,,
,,,,,
,,,,,
,,,,,
,,,,,
,,,,,
,,,,,
,,,,,
,,,,,
,,,,,
,,,,,
,,,,,
,,,,,
,,,,,
,,,,,
,,,,,
,,,,,
,,,,,
,,,,,
,,,,,
,,,,,
,,,,,
,,,,,
,,,,,
,,,,,
,,,,,
,,,,,
,,,,,
,,,,,
,,,,,
,,,,,
,,,,,
,,,,,
,,,,,
,,,,,
,,,,,
,,,,,
,,,,,
,,,,,
,,,,,
,,,,,
,,,,,
,,,,,
,,,,,
,,,,,
,,,,,
,,,,,
,,,,,
,,,,,
,,,,,
,,,,,
,,,,,
,,,,,
,,,,,
,,,,,
,,,,,
,,,,,
,,,,,
,,,,,
,,,,,
,,,,,
,,,,,
,,,,,
,,,,,
,,,,,
,,,,,
,,,,,
,,,,,
,,,,,
,,,,,
,,,,,
,,,,,
,,,,,
,,,,,
,,,,,
,,,,,
,,,,,
,,,,,
,,,,,
,,,,,
,,,,,
,,,,,
,,,,,
,,,,,
,,,,,
,,,,,
,,,,,
,,,,,
,,,,,
,,,,,
,,,,,
,,,,,
,,,,,
,,,,,
,,,,,
,,,,,
,,,,,
,,,,,
,,,,,
,,,,,
,,,,,
,,,,,
,,,,,
,,,,,
,,,,,
,,,,,
,,,,,
,,,,,
,,,,,
,,,,,
,,,,,
,,,,,
,,,,,
,,,,,
,,,,,
,,,,,
,,,,,
,,,,,
,,,,,
,,,,,
,,,,,
,,,,,
,,,,,
,,,,,
,,,,,
,,,,,
,,,,,
,,,,,
,,,,,
,,,,,
,,,,,
,,,,,
,,,,,
,,,,,
,,,,,
,,,,,
,,,,,
,,,,,
,,,,,
,,,,,
,,,,,
,,,,,
,,,,,
,,,,,
,,,,,
,,,,,
,,,,,
,,,,,
,,,,,
,,,,,
,,,,,
,,,,,
,,,,,
,,,,,
,,,,,
,,,,,
,,,,,
,,,,,
,,,,,
,,,,,
,,,,,
,,,,,
,,,,,
,,,,,
,,,,,
,,,,,
,,,,,
,,,,,
,,,,,
,,,,,
,,,,,
,,,,,
,,,,,
,,,,,
,,,,,
,,,,,
,,,,,
,,,,,
,,,,,
,,,,,
,,,,,
,,,,,
,,,,,
,,,,,
,,,,,
,,,,,
,,,,,
,,,,,
,,,,,
,,,,,
,,,,,
,,,,,
,,,,,
,,,,,
,,,,,
,,,,,
,,,,,
,,,,,
,,,,,
,,,,,
,,,,,
,,,,,
,,,,,
,,,,,
,,,,,
,,,,,
,,,,,
,,,,,
,,,,,
,,,,,
,,,,,
,,,,,
,,,,,
,,,,,
,,,,,
,,,,,
,,,,,
,,,,,
,,,,,
,,,,,
,,,,,
,,,,,
,,,,,
,,,,,
,,,,,
,,,,,
,,,,,
,,,,,
,,,,,
,,,,,
,,,,,
,,,,,
,,,,,
,,,,,
,,,,,
,,,,,
,,,,,
,,,,,
,,,,,
,,,,,
,,,,,
,,,,,
,,,,,
,,,,,
,,,,,
,,,,,
,,,,,
,,,,,
,,,,,
,,,,,
,,,,,
,,,,,
,,,,,
,,,,,
,,,,,
,,,,,
,,,,,
,,,,,
,,,,,
,,,,,
,,,,,
,,,,,
,,,,,
,,,,,
,,,,,
,,,,,
,,,,,
,,,,,
,,,,,
,,,,,
,,,,,
,,,,,
,,,,,
,,,,,
,,,,,
,,,,,
,,,,,
,,,,,
,,,,,
,,,,,
,,,,,
,,,,,
,,,,,
,,,,,
,,,,,
,,,,,
,,,,,
,,,,,
,,,,,
,,,,,
,,,,,
,,,,,
,,,,,
,,,,,
,,,,,
,,,,,
,,,,,
,,,,,
,,,,,
,,,,,
,,,,,
,,,,,
,,,,,
,,,,,
,,,,,
,,,,,
,,,,,
,,,,,
,,,,,
,,,,,
,,,,,
,,,,,
,,,,,
,,,,,
,,,,,
,,,,,
,,,,,
,,,,,
,,,,,
,,,,,
,,,,,
,,,,,
,,,,,
,,,,,
,,,,,
,,,,,
,,,,,
,,,,,
,,,,,
,,,,,
,,,,,
,,,,,
,,,,,
,,,,,
,,,,,
,,,,,
,,,,,
,,,,,
,,,,,
,,,,,
,,,,,
,,,,,
,,,,,
,,,,,
,,,,,
,,,,,
,,,,,
,,,,,
,,,,,
,,,,,
,,,,,
,,,,,
,,,,,
,,,,,
,,,,,
,,,,,
,,,,,
,,,,,
,,,,,
,,,,,
,,,,,
,,,,,
,,,,,
,,,,,
,,,,,
,,,,,
,,,,,
,,,,,
,,,,,
,,,,,
,,,,,
,,,,,
,,,,,
,,,,,
,,,,,
,,,,,
,,,,,
,,,,,
,,,,,
,,,,,
,,,,,
,,,,,
,,,,,
,,,,,
,,,,,
,,,,,
,,,,,
,,,,,
,,,,,
,,,,,
,,,,,
,,,,,
,,,,,
,,,,,
,,,,,
,,,,,
,,,,,
,,,,,
,,,,,
,,,,,
,,,,,
,,,,,
,,,,,
,,,,,
,,,,,
,,,,,
,,,,,
,,,,,
,,,,,
,,,,,
,,,,,
,,,,,
,,,,,
,,,,,
,,,,,
,,,,,
,,,,,
,,,,,
,,,,,
,,,,,
,,,,,
,,,,,
,,,,,
,,,,,
,,,,,
,,,,,
,,,,,
,,,,,
,,,,,
,,,,,
,,,,,
,,,,,
,,,,,
,,,,,
,,,,,
,,,,,
,,,,,
,,,,,
,,,,,
,,,,,
,,,,,
,,,,,
,,,,,
,,,,,
,,,,,
,,,,,
,,,,,
,,,,,
,,,,,
,,,,,
,,,,,
,,,,,
,,,,,
,,,,,
,,,,,
,,,,,
,,,,,
,,,,,
,,,,,
,,,,,
,,,,,
,,,,,
,,,,,
,,,,,
,,,,,
,,,,,
,,,,,
,,,,,
,,,,,
,,,,,
,,,,,
,,,,,
,,,,,
,,,,,
,,,,,
,,,,,
,,,,,
,,,,,
,,,,,
,,,,,
,,,,,
,,,,,
,,,,,
,,,,,
,,,,,
,,,,,
,,,,,
,,,,,
,,,,,
,,,,,
,,,,,
,,,,,
,,,,,
,,,,,
,,,,,
,,,,,
,,,,,
,,,,,
,,,,,
,,,,,
,,,,,
,,,,,
,,,,,
,,,,,
,,,,,
,,,,,
,,,,,
,,,,,
,,,,,
,,,,,
,,,,,
,,,,,
,,,,,
,,,,,
,,,,,
,,,,,
,,,,,
,,,,,
,,,,,
,,,,,
,,,,,
,,,,,
,,,,,
,,,,,
,,,,,
,,,,,
,,,,,
,,,,,
,,,,,
,,,,,
,,,,,
,,,,,
,,,,,
,,,,,
,,,,,
,,,,,
,,,,,
,,,,,
,,,,,
,,,,,
,,,,,
,,,,,
,,,,,
,,,,,
,,,,,
,,,,,
,,,,,
,,,,,
,,,,,
,,,,,
,,,,,
,,,,,
,,,,,
,,,,,
,,,,,
,,,,,
,,,,,
,,,,,
,,,,,
,,,,,
,,,,,
,,,,,
,,,,,
,,,,,
,,,,,
,,,,,
,,,,,
,,,,,
,,,,,
,,,,,
,,,,,
,,,,,
,,,,,
,,,,,
,,,,,
,,,,,
,,,,,
,,,,,
,,,,,
,,,,,
,,,,,
,,,,,
,,,,,
,,,,,
,,,,,
,,,,,
,,,,,
,,,,,
,,,,,
,,,,,
,,,,,
,,,,,
,,,,,
,,,,,
,,,,,
,,,,,
,,,,,
,,,,,
,,,,,
,,,,,
,,,,,
,,,,,
,,,,,
,,,,,
,,,,,
,,,,,
,,,,,
,,,,,
,,,,,
,,,,,
,,,,,
,,,,,
,,,,,
,,,,,
,,,,,
,,,,,
,,,,,
,,,,,
,,,,,
,,,,,
,,,,,
,,,,,
,,,,,
,,,,,
,,,,,
,,,,,
,,,,,
,,,,,
,,,,,
,,,,,
,,,,,
,,,,,
,,,,,
,,,,,
,,,,,
,,,,,
,,,,,
,,,,,
,,,,,
,,,,,
,,,,,
,,,,,
,,,,,
,,,,,
,,,,,
,,,,,
,,,,,
,,,,,
,,,,,
,,,,,
,,,,,
,,,,,
,,,,,
,,,,,
,,,,,
,,,,,
,,,,,
,,,,,
,,,,,
,,,,,
,,,,,
,,,,,
,,,,,
,,,,,
,,,,,
,,,,,
,,,,,
,,,,,
,,,,,
,,,,,
,,,,,
,,,,,
,,,,,
,,,,,
,,,,,
,,,,,
,,,,,
,,,,,
,,,,,
,,,,,
,,,,,
,,,,,
,,,,,
,,,,,
,,,,,
,,,,,
,,,,,
,,,,,
,,,,,
,,,,,
,,,,,
,,,,,
,,,,,
,,,,,
,,,,,
,,,,,
,,,,,
,,,,,
,,,,,
,,,,,
,,,,,
,,,,,
,,,,,
,,,,,
,,,,,
,,,,,
,,,,,
,,,,,
,,,,,
,,,,,
,,,,,
,,,,,
,,,,,
,,,,,
,,,,,
,,,,,
,,,,,
,,,,,
,,,,,
,,,,,
,,,,,
,,,,,
,,,,,
,,,,,
,,,,,
,,,,,
,,,,,
,,,,,
,,,,,
,,,,,
,,,,,
,,,,,
,,,,,
,,,,,
,,,,,
,,,,,
,,,,,
,,,,,
,,,,,
,,,,,
,,,,,
,,,,,
,,,,,
,,,,,
,,,,,
,,,,,
,,,,,
,,,,,
,,,,,
,,,,,
,,,,,
,,,,,
,,,,,
,,,,,
,,,,,
,,,,,
,,,,,
,,,,,
,,,,,
,,,,,
,,,,,
,,,,,
,,,,,
,,,,,
,,,,,
,,,,,
,,,,,
,,,,,
,,,,,
,,,,,
,,,,,
,,,,,
,,,,,
,,,,,
,,,,,
,,,,,
,,,,,
,,,,,
,,,,,
,,,,,
,,,,,
,,,,,
,,,,,
,,,,,
,,,,,
,,,,,
,,,,,
,,,,,
,,,,,
,,,,,
,,,,,
,,,,,
,,,,,
,,,,,
,,,,,
,,,,,
,,,,,
,,,,,
,,,,,
,,,,,
,,,,,
,,,,,
,,,,,
,,,,,
,,,,,
,,,,,
,,,,,
,,,,,
,,,,,
,,,,,
,,,,,
,,,,,
,,,,,
,,,,,
,,,,,
,,,,,
,,,,,
,,,,,
,,,,,
,,,,,
,,,,,
,,,,,
,,,,,
,,,,,
,,,,,
,,,,,
,,,,,
,,,,,
,,,,,
,,,,,
,,,,,
,,,,,
,,,,,
,,,,,
,,,,,
,,,,,
,,,,,
,,,,,
,,,,,
,,,,,
,,,,,
,,,,,
,,,,,
,,,,,
,,,,,
,,,,,
,,,,,
,,,,,
,,,,,
,,,,,
,,,,,
,,,,,
,,,,,
,,,,,
,,,,,
,,,,,
,,,,,
,,,,,
,,,,,
,,,,,
,,,,,
,,,,,
,,,,,
,,,,,
,,,,,
,,,,,
,,,,,
,,,,,
,,,,,
,,,,,
,,,,,
,,,,,
,,,,,
,,,,,
,,,,,
,,,,,
,,,,,
,,,,,
,,,,,
,,,,,
,,,,,
,,,,,
,,,,,
,,,,,
,,,,,
,,,,,
,,,,,
,,,,,
,,,,,
,,,,,
,,,,,
,,,,,
,,,,,
,,,,,
,,,,,
,,,,,
,,,,,
,,,,,
,,,,,
,,,,,
,,,,,
,,,,,
,,,,,
,,,,,
,,,,,
,,,,,
,,,,,
,,,,,
,,,,,
,,,,,
,,,,,
,,,,,
,,,,,
,,,,,
,,,,,
,,,,,
,,,,,
,,,,,
,,,,,
,,,,,
,,,,,
,,,,,
,,,,,
,,,,,
,,,,,
,,,,,
,,,,,
,,,,,
,,,,,
,,,,,
,,,,,
,,,,,
,,,,,
,,,,,
,,,,,
,,,,,
,,,,,
,,,,,
,,,,,
,,,,,
,,,,,
,,,,,
,,,,,
,,,,,
,,,,,
,,,,,
,,,,,
,,,,,
,,,,,
,,,,,
,,,,,
,,,,,
,,,,,
,,,,,
,,,,,
,,,,,
,,,,,
,,,,,
,,,,,
,,,,,
,,,,,
,,,,,
,,,,,
,,,,,
,,,,,
,,,,,
,,,,,
,,,,,
,,,,,
,,,,,
,,,,,
,,,,,
,,,,,
,,,,,
,,,,,
,,,,,
,,,,,
,,,,,
,,,,,
,,,,,
,,,,,
,,,,,
,,,,,
,,,,,
,,,,,
,,,,,
,,,,,
,,,,,
,,,,,
,,,,,
,,,,,
,,,,,
,,,,,
,,,,,
,,,,,
,,,,,
,,,,,
,,,,,
,,,,,
,,,,,
,,,,,
,,,,,
,,,,,
,,,,,
,,,,,
,,,,,
,,,,,
,,,,,
,,,,,
,,,,,
,,,,,
,,,,,
,,,,,
,,,,,
,,,,,
,,,,,
,,,,,
,,,,,
,,,,,
,,,,,
,,,,,
,,,,,
,,,,,
,,,,,
,,,,,
,,,,,
,,,,,
,,,,,
,,,,,
,,,,,
,,,,,
,,,,,
,,,,,
,,,,,
,,,,,
,,,,,
,,,,,
,,,,,
,,,,,
,,,,,
,,,,,
,,,,,
,,,,,
,,,,,
,,,,,
,,,,,
,,,,,
,,,,,
,,,,,
,,,,,
,,,,,
,,,,,
,,,,,
,,,,,
,,,,,
,,,,,
,,,,,
,,,,,
,,,,,
,,,,,
,,,,,
,,,,,
,,,,,
,,,,,
,,,,,
,,,,,
,,,,,
,,,,,
,,,,,
,,,,,
,,,,,
,,,,,
,,,,,
,,,,,
,,,,,
,,,,,
,,,,,
,,,,,
,,,,,
,,,,,
,,,,,
,,,,,
,,,,,
,,,,,
,,,,,
,,,,,
,,,,,
,,,,,
,,,,,
,,,,,
,,,,,
,,,,,
,,,,,
,,,,,
,,,,,
,,,,,
,,,,,
,,,,,
,,,,,
,,,,,
,,,,,
,,,,,
,,,,,
,,,,,
,,,,,
,,,,,
,,,,,
,,,,,
,,,,,
,,,,,
,,,,,
,,,,,
,,,,,
,,,,,
,,,,,
,,,,,
,,,,,
,,,,,
,,,,,
,,,,,
,,,,,
,,,,,
,,,,,
,,,,,
,,,,,
,,,,,
,,,,,
,,,,,
,,,,,
,,,,,
,,,,,
,,,,,
,,,,,
,,,,,
,,,,,
,,,,,
,,,,,
,,,,,
,,,,,
,,,,,
,,,,,
,,,,,
,,,,,
,,,,,
,,,,,
,,,,,
,,,,,
,,,,,
,,,,,
,,,,,
,,,,,
,,,,,
,,,,,
,,,,,
,,,,,
,,,,,
,,,,,
,,,,,
,,,,,
,,,,,
,,,,,
,,,,,
,,,,,
,,,,,
,,,,,
,,,,,
,,,,,
,,,,,
,,,,,
,,,,,
,,,,,
,,,,,
,,,,,
,,,,,
,,,,,
,,,,,
,,,,,
,,,,,
,,,,,
,,,,,
,,,,,
,,,,,
,,,,,
,,,,,
,,,,,
,,,,,
,,,,,
,,,,,
,,,,,
,,,,,
,,,,,
,,,,,
,,,,,
,,,,,
,,,,,
,,,,,
,,,,,
,,,,,
,,,,,
,,,,,
,,,,,
,,,,,
,,,,,
,,,,,
,,,,,
,,,,,
,,,,,
,,,,,
,,,,,
,,,,,
,,,,,
,,,,,
,,,,,
,,,,,
,,,,,
,,,,,
,,,,,
,,,,,
,,,,,
,,,,,
,,,,,
,,,,,
,,,,,
,,,,,
,,,,,
,,,,,
,,,,,
,,,,,
,,,,,
,,,,,
,,,,,
,,,,,
,,,,,
,,,,,
,,,,,
,,,,,
,,,,,
,,,,,
,,,,,
,,,,,
,,,,,
,,,,,
,,,,,
,,,,,
,,,,,
,,,,,
,,,,,
,,,,,
,,,,,
,,,,,
,,,,,
,,,,,
,,,,,
,,,,,
,,,,,
,,,,,
,,,,,
,,,,,
,,,,,
,,,,,
,,,,,
,,,,,
,,,,,
,,,,,
,,,,,
,,,,,
,,,,,
,,,,,
,,,,,
,,,,,
,,,,,
,,,,,
,,,,,
,,,,,
,,,,,
,,,,,
,,,,,
,,,,,
,,,,,
,,,,,
,,,,,
,,,,,
,,,,,
,,,,,
,,,,,
,,,,,
,,,,,
,,,,,
,,,,,
,,,,,
,,,,,
,,,,,
,,,,,
,,,,,
,,,,,
,,,,,
,,,,,
,,,,,
,,,,,
,,,,,
,,,,,
,,,,,
,,,,,
,,,,,
,,,,,
,,,,,
,,,,,
,,,,,
,,,,,
,,,,,
,,,,,
,,,,,
,,,,,
,,,,,
,,,,,
,,,,,
,,,,,
,,,,,
,,,,,
,,,,,
,,,,,
,,,,,
,,,,,
,,,,,
,,,,,
,,,,,
,,,,,
,,,,,
,,,,,
,,,,,
,,,,,
,,,,,
,,,,,
,,,,,
,,,,,
,,,,,
,,,,,
,,,,,
,,,,,
,,,,,
,,,,,
,,,,,
,,,,,
,,,,,
,,,,,
,,,,,
,,,,,
,,,,,
,,,,,
,,,,,
,,,,,
,,,,,
,,,,,
,,,,,
,,,,,
,,,,,
,,,,,
,,,,,
,,,,,
,,,,,
,,,,,
,,,,,
,,,,,
,,,,,
,,,,,
,,,,,
,,,,,
,,,,,
,,,,,
,,,,,
,,,,,
,,,,,
,,,,,
,,,,,
,,,,,
,,,,,
,,,,,
,,,,,
,,,,,
,,,,,
,,,,,
,,,,,
,,,,,
,,,,,
,,,,,
,,,,,
,,,,,
,,,,,
,,,,,
,,,,,
,,,,,
,,,,,
,,,,,
,,,,,
,,,,,
,,,,,
,,,,,
,,,,,
,,,,,
,,,,,
,,,,,
,,,,,
,,,,,
,,,,,
,,,,,
,,,,,
,,,,,
,,,,,
,,,,,
,,,,,
,,,,,
,,,,,
,,,,,
,,,,,
,,,,,
,,,,,
,,,,,
,,,,,
,,,,,
,,,,,
,,,,,
,,,,,
,,,,,
,,,,,
,,,,,
,,,,,
,,,,,
,,,,,
,,,,,
,,,,,
,,,,,
,,,,,
,,,,,
,,,,,
,,,,,
,,,,,
,,,,,
,,,,,
,,,,,
,,,,,
,,,,,
,,,,,
,,,,,
,,,,,
,,,,,
,,,,,
,,,,,
,,,,,
,,,,,
,,,,,
,,,,,
,,,,,
,,,,,
,,,,,
,,,,,
,,,,,
,,,,,
,,,,,
,,,,,
,,,,,
,,,,,
,,,,,
,,,,,
,,,,,
,,,,,
,,,,,
,,,,,
,,,,,
,,,,,
,,,,,
,,,,,
,,,,,
,,,,,
,,,,,
,,,,,
,,,,,
,,,,,
,,,,,
,,,,,
,,,,,
,,,,,
,,,,,
,,,,,
,,,,,
,,,,,
,,,,,
,,,,,
,,,,,
,,,,,
,,,,,
,,,,,
,,,,,
,,,,,
,,,,,
,,,,,
,,,,,
,,,,,
,,,,,
,,,,,
,,,,,
,,,,,
,,,,,
,,,,,
,,,,,
,,,,,
,,,,,
,,,,,
,,,,,
,,,,,
,,,,,
,,,,,
,,,,,
,,,,,
,,,,,
,,,,,
,,,,,
,,,,,
,,,,,
,,,,,
,,,,,
,,,,,
,,,,,
,,,,,
,,,,,
,,,,,
,,,,,
,,,,,
,,,,,
,,,,,
,,,,,
,,,,,
,,,,,
,,,,,
,,,,,
,,,,,
,,,,,
,,,,,
,,,,,
,,,,,
,,,,,
,,,,,
,,,,,
,,,,,
,,,,,
,,,,,
,,,,,
,,,,,
,,,,,
,,,,,
,,,,,
,,,,,
,,,,,
,,,,,
,,,,,
,,,,,
,,,,,
,,,,,
,,,,,
,,,,,
,,,,,
,,,,,
,,,,,
,,,,,
,,,,,
,,,,,
,,,,,
,,,,,
,,,,,
,,,,,
,,,,,
,,,,,
,,,,,
,,,,,
,,,,,
,,,,,
,,,,,
,,,,,
,,,,,
,,,,,
,,,,,
,,,,,
,,,,,
,,,,,
,,,,,
,,,,,
,,,,,
,,,,,
,,,,,
,,,,,
,,,,,
,,,,,
,,,,,
,,,,,
,,,,,
,,,,,
,,,,,
,,,,,
,,,,,
,,,,,
,,,,,
,,,,,
,,,,,
,,,,,
,,,,,
,,,,,
,,,,,
,,,,,
,,,,,
,,,,,
,,,,,
,,,,,
,,,,,
,,,,,
,,,,,
,,,,,
,,,,,
,,,,,
,,,,,
,,,,,
,,,,,
,,,,,
,,,,,
,,,,,
,,,,,
,,,,,
,,,,,
,,,,,
,,,,,
,,,,,
,,,,,
,,,,,
,,,,,
,,,,,
,,,,,
,,,,,
,,,,,
,,,,,
,,,,,
,,,,,
,,,,,
,,,,,
,,,,,
,,,,,
,,,,,
,,,,,
,,,,,
,,,,,
,,,,,
,,,,,
,,,,,
,,,,,
,,,,,
,,,,,
,,,,,
,,,,,
,,,,,
,,,,,
,,,,,
,,,,,
,,,,,
,,,,,
,,,,,
,,,,,
,,,,,
,,,,,
,,,,,
,,,,,
,,,,,
,,,,,
,,,,,
,,,,,
,,,,,
,,,,,
,,,,,
,,,,,
,,,,,
,,,,,
,,,,,
,,,,,
,,,,,
,,,,,
,,,,,
,,,,,
,,,,,
,,,,,
,,,,,
,,,,,
,,,,,
,,,,,
,,,,,
,,,,,
,,,,,
,,,,,
,,,,,
,,,,,
,,,,,
,,,,,
,,,,,
,,,,,
,,,,,
,,,,,
,,,,,
,,,,,
,,,,,
,,,,,
,,,,,
,,,,,
,,,,,
,,,,,
,,,,,
,,,,,
,,,,,
,,,,,
,,,,,
,,,,,
,,,,,
,,,,,
,,,,,
,,,,,
,,,,,
,,,,,
,,,,,
,,,,,
,,,,,
,,,,,
,,,,,
,,,,,
,,,,,
,,,,,
,,,,,
,,,,,
,,,,,
,,,,,
,,,,,
,,,,,
,,,,,
,,,,,
,,,,,
,,,,,
,,,,,
,,,,,
,,,,,
,,,,,
,,,,,
,,,,,
,,,,,
,,,,,
,,,,,
,,,,,
,,,,,
,,,,,
,,,,,
,,,,,
,,,,,
,,,,,
,,,,,
,,,,,
,,,,,
,,,,,
,,,,,
,,,,,
,,,,,
,,,,,
,,,,,
,,,,,
,,,,,
,,,,,
,,,,,
,,,,,
,,,,,
,,,,,
,,,,,
,,,,,
,,,,,
,,,,,
,,,,,
,,,,,
,,,,,
,,,,,
,,,,,
,,,,,
,,,,,
,,,,,
,,,,,
,,,,,
,,,,,
,,,,,
,,,,,
,,,,,
,,,,,
,,,,,
,,,,,
,,,,,
,,,,,
,,,,,
,,,,,
,,,,,
,,,,,
,,,,,
,,,,,
,,,,,
,,,,,
,,,,,
,,,,,
,,,,,
,,,,,
,,,,,
,,,,,
,,,,,
,,,,,
,,,,,
,,,,,
,,,,,
,,,,,
,,,,,
,,,,,
,,,,,
,,,,,
,,,,,
,,,,,
,,,,,
,,,,,
,,,,,
,,,,,
,,,,,
,,,,,
,,,,,
,,,,,
,,,,,
,,,,,
,,,,,
,,,,,
,,,,,
,,,,,
,,,,,
,,,,,
,,,,,
,,,,,
,,,,,
,,,,,
,,,,,
,,,,,
,,,,,
,,,,,
,,,,,
,,,,,
,,,,,
,,,,,
,,,,,
,,,,,
,,,,,
,,,,,
,,,,,
,,,,,
,,,,,
,,,,,
,,,,,
,,,,,
,,,,,
,,,,,
,,,,,
,,,,,
,,,,,
,,,,,
,,,,,
,,,,,
,,,,,
,,,,,
,,,,,
,,,,,
,,,,,
,,,,,
,,,,,
,,,,,
,,,,,
,,,,,
,,,,,
,,,,,
,,,,,
,,,,,
,,,,,
,,,,,
,,,,,
,,,,,
,,,,,
,,,,,
,,,,,
,,,,,
,,,,,
,,,,,
,,,,,
,,,,,
,,,,,
,,,,,
,,,,,
,,,,,
,,,,,
,,,,,
,,,,,
,,,,,
,,,,,
,,,,,
,,,,,
,,,,,
,,,,,
,,,,,
,,,,,
,,,,,
,,,,,
,,,,,
,,,,,
,,,,,
,,,,,
,,,,,
,,,,,
,,,,,
,,,,,
,,,,,
,,,,,
,,,,,
,,,,,
,,,,,
,,,,,
,,,,,
,,,,,
,,,,,
,,,,,
,,,,,
,,,,,
,,,,,
,,,,,
,,,,,
,,,,,
,,,,,
,,,,,
,,,,,
,,,,,
,,,,,
,,,,,
,,,,,
,,,,,
,,,,,
,,,,,
,,,,,
,,,,,
,,,,,
,,,,,
,,,,,
,,,,,
,,,,,
,,,,,
,,,,,
,,,,,
,,,,,
,,,,,
,,,,,
,,,,,
,,,,,
,,,,,
,,,,,
,,,,,
,,,,,
,,,,,
,,,,,
,,,,,
,,,,,
,,,,,
,,,,,
,,,,,
,,,,,
,,,,,
,,,,,
,,,,,
,,,,,
,,,,,
,,,,,
,,,,,
,,,,,
,,,,,
,,,,,
,,,,,
,,,,,
,,,,,
,,,,,
,,,,,
,,,,,
,,,,,
,,,,,
,,,,,
,,,,,
,,,,,
,,,,,
,,,,,
,,,,,
,,,,,
,,,,,
,,,,,
,,,,,
,,,,,
,,,,,
,,,,,
,,,,,
,,,,,
,,,,,
,,,,,
,,,,,
,,,,,
,,,,,
,,,,,
,,,,,
,,,,,
,,,,,
,,,,,
,,,,,
,,,,,
,,,,,
,,,,,
,,,,,
,,,,,
,,,,,
,,,,,
,,,,,
,,,,,
,,,,,
,,,,,
,,,,,
,,,,,
,,,,,
,,,,,
,,,,,
,,,,,
,,,,,
,,,,,
,,,,,
,,,,,
,,,,,
,,,,,
,,,,,
,,,,,
,,,,,
,,,,,
,,,,,
,,,,,
,,,,,
,,,,,
,,,,,
,,,,,
,,,,,
,,,,,
,,,,,
,,,,,
,,,,,
,,,,,
,,,,,
,,,,,
,,,,,
,,,,,
,,,,,
,,,,,
,,,,,
,,,,,
,,,,,
,,,,,
,,,,,
,,,,,
,,,,,
,,,,,
,,,,,
,,,,,
,,,,,
,,,,,
,,,,,
,,,,,
,,,,,
,,,,,
,,,,,
,,,,,
,,,,,
,,,,,
,,,,,
,,,,,
,,,,,
,,,,,
,,,,,
,,,,,
,,,,,
,,,,,
,,,,,
,,,,,
,,,,,
,,,,,
,,,,,
,,,,,
,,,,,
,,,,,
,,,,,
,,,,,
,,,,,
,,,,,
,,,,,
,,,,,
,,,,,
,,,,,
,,,,,
,,,,,
,,,,,
,,,,,
